5wdo,A
5wdp,A
5wdq,A
5WDO,A
5WDP,A
5WDQ,A
5E95,A
5B2Z,A
5B30,A
4RSG,A
2N42,A
2N46,A
4XVQ,A
4XVR,A
4L9S,A
4L9W,A
4G0N,A
4G3X,A
2LWI,A
4DLR,A
4DLS,A
4DLT,A
4DLU,A
4DLV,A
4DLW,A
4DLX,A
4DLY,A
4DLZ,A
4EFL,A
4EFM,A
4EFN,A
3TGP,A
2LCF,A
3RRY,A
3RRZ,A
3RS0,A
3RS2,A
3RS3,A
3RS4,A
3RS5,A
3RS7,A
3RSL,A
3RSO,A
3L8Y,A
3L8Z,A
3OIU,A
3OIV,A
3OIW,A
3KKM,A
3KKN,A
3KUD,A
3K8Y,A
3K9N,A
3LBH,A
3LBI,A
3LBN,A
2X1V,A
3DDC,A
2RGA,A
2RGB,A
2RGC,A
2RGD,A
2RGE,A
2RGG,A
2QUZ,A
1ZVQ,A
1ZW6,A
1XCM,A
1XJ0,A
1P2S,A
1P2T,A
1P2U,A
1P2V,A
1LF0,A
1LF5,A
1K8R,A
1IOZ,A
1CTQ,A
1QRA,A
1CLU,A
1RVD,A
1AA9,A
1JAH,A
1JAI,A
1GNP,A
1GNQ,A
1GNR,A
1CRP,A
1CRQ,A
1CRR,A
1PLJ,A
1PLK,A
1PLL,A
1AGP,A
121P,A
221P,A
421P,A
521P,A
621P,A
721P,A
821P,A
1Q21,A
2Q21,A
4Q21,A
5P21,A
4uru,R
4urv,R
4urw,R
4ury,R
4urz,R
4us1,R
4us2,R
4nyi,R
4nyi,Q
4nyj,R
4nyj,Q
4nym,R
4nym,Q
4k81,B
4k81,D
4k81,F
4k81,H
3lo5,A
3lo5,C
3lo5,E
3k9l,A
3k9l,B
3k9l,C
3i3s,R
2vh5,R
2uzi,R
2ce2,X
2cl0,X
2cld,X
2evw,X
2cl6,X
2cl7,X
2clc,X
2c5l,A
2c5l,B
1xd2,A
1xd2,B
1nvu,Q
1nvu,R
1nvv,Q
1nvv,R
1nvw,Q
1nvw,R
1nvx,Q
1nvx,R
1IAQ,A
1IAQ,B
1IAQ,C
1HE8,B
1LFD,B
1LFD,D
1BKD,R
1WQ1,R
6Q21,A
6Q21,B
6Q21,C
