5v6s,A
5v6v,A
5v6v,B
5xco,A
5kyk,A
5kyk,B
5kyk,C
5uqw,A
5uqw,B
5us4,A
5us4,B
5usj,A
5usj,B
5usj,C
5usj,D
5usj,E
5tb5,A
5tb5,C
5tar,A
5f2e,A
4ql3,A
4tqa,A
4tqa,B
4wa7,A
4pzy,A
4pzy,B
4pzz,A
4q01,A
4q03,A
4ldj,A
4nmm,A
4obe,A
4obe,B
4l8g,A
4lpk,A
4lpk,B
4lrw,A
4lrw,B
4luc,A
4luc,B
4lv6,A
4lv6,B
4lyf,A
4lyf,B
4lyf,C
4lyh,B
4lyh,A
4lyh,C
4lyj,A
4m1o,A
4m1o,B
4m1o,C
4m1s,A
4m1s,B
4m1s,C
4m1w,A
4m1w,B
4m1w,C
4m21,A
4m21,B
4m21,C
4m22,A
4m22,B
4m21,C
4epr,A
4ept,A
4epv,A
4epx,A
4epy,A
4dsn,A
4dso,A
4dst,A
4dsu,A
3gft,A
3gft,B
3gft,D
3gft,E
3gft,F
