1A05,A
1A27,A
1A2F,A
1A2G,A
1A2V,A
1A4E,A
1A4I,A
1A4S,A
1A4U,A
1A4Z,A
1A5Z,A
1A65,A
1A6F,A
1A71,A
1A72,A
1A7K,A
1A7U,A
1A80,A
1A88,A
1A8P,A
1A8S,A
1A8U,A
1AA4,A
1AA6,A
1ABN,A
1AC4,A
1AC8,A
1AD3,A
1ADB,A
1ADC,A
1ADF,A
1ADG,A
1ADS,A
1AE1,A
1AE4,A
1AEB,A
1AED,A
1AEE,A
1AEF,A
1AEG,A
1AEH,A
1AEJ,A
1AEK,A
1AEM,A
1AEN,A
1AEO,A
1AEQ,A
1AES,A
1AET,A
1AEU,A
1AEV,A
1AFR,A
1AFS,A
1AFT,A
1AG8,A
1AGN,A
1AH0,A
1AH3,A
1AH4,A
1AHH,A
1AHI,A
1AHU,A
1AHV,A
1AHZ,A
1AI2,A
1AI3,A
1AI9,A
1AK5,A
1AKD,A
1AL7,A
1AL8,A
1ALG,A
1AMO,A
1AN9,A
1AO8,A
1AOD,A
1AOE,A
1AOF,A
1AOG,A
1AOM,A
1AOP,A
1AOQ,A
1AOR,A
1AOZ,A
1AP5,A
1AP6,A
1APX,A
1AQ8,A
1AR1,A
1AR4,A
1AR5,A
1ARP,A
1ARU,A
1ARV,A
1ARW,A
1ARX,A
1ARY,A
1ARZ,A
1AS6,A
1AS7,A
1AS8,A
1ASO,A
1ASP,A
1ASQ,A
1ATJ,A
1AUP,A
1AV4,A
1AV8,A
1AVK,A
1AVL,A
1AVM,A
1AXE,A
1AXG,A
1AZ1,A
1AZ2,A
1AZV,A
1B06,A
1B0P,A
1B14,A
1B15,A
1B16,A
1B1C,A
1B26,A
1B2L,A
1B2R,A
1B37,A
1B3B,A
1B3I,A
1B3O,A
1B4L,A
1B4T,A
1B4U,A
1B4V,A
1B5Q,A
1B5T,A
1B7G,A
1B80,A
1B82,A
1B85,A
1B8P,A
1B8Q,A
1B8S,A
1B8U,A
1B8V,A
1BA3,A
1BA9,A
1BCC,A
1BCF,A
1BDB,A
1BDM,A
1BE3,A
1BEJ,A
1BEK,A
1BEM,A
1BEP,A
1BEQ,A
1BES,A
1BF3,A
1BFR,A
1BFY,A
1BG6,A
1BG7,A
1BGJ,A
1BGN,A
1BGP,A
1BGV,A
1BGY,A
1BHS,A
1BHY,A
1BI9,A
1BIQ,A
1BJ9,A
1BJK,A
1BK0,A
1BKJ,A
1BKW,A
1BL5,A
1BL9,A
1BLZ,A
1BMD,A
1BOU,A
1BOZ,A
1BPW,A
1BQE,A
1BRL,A
1BRM,A
1BRO,A
1BS3,A
1BSL,A
1BSM,A
1BSV,A
1BT1,A
1BT2,A
1BT3,A
1BT8,A
1BTO,A
1BU7,A
1BUC,A
1BUG,A
1BVA,A
1BVR,A
1BVU,A
1BVY,A
1BW9,A
1BWC,A
1BWK,A
1BWL,A
1BWS,A
1BX0,A
1BX1,A
1BXG,A
1BXS,A
1BXZ,A
1BZF,A
1BZL,A
1BZO,A
1C0I,A
1C0K,A
1C0L,A
1C0P,A
1C14,A
1C1D,A
1C1X,A
1C3V,A
1C4A,A
1C4C,A
1C8I,A
1C8J,A
1C9U,A
1C9W,A
1CB4,A
1CBJ,A
1CBO,A
1CC1,A
1CC2,A
1CC4,A
1CC6,A
1CCA,A
1CCB,A
1CCC,A
1CCE,A
1CCG,A
1CCI,A
1CCJ,A
1CCK,A
1CCL,A
1CCP,A
1CD2,A
1CDO,A
1CEQ,A
1CER,A
1CET,A
1CF2,A
1CF3,A
1CF9,A
1CHU,A
1CI0,A
1CIV,A
1CJ2,A
1CJ3,A
1CJ4,A
1CJC,A
1CJX,A
1CK6,A
1CL0,A
1CL6,A
1CM7,A
1CMI,A
1CMJ,A
1CMN,A
1CMP,A
1CMQ,A
1CMT,A
1CMU,A
1CNE,A
1CNF,A
1CNZ,A
1COB,A
1COJ,A
1COY,A
1CP2,A
1CP4,A
1CPD,A
1CPE,A
1CPF,A
1CPG,A
1CPO,A
1CPT,A
1CQ1,A
1CQE,A
1CRU,A
1CRW,A
1CVU,A
1CW1,A
1CW3,A
1CW4,A
1CW7,A
1CWN,A
1CWU,A
1CX2,A
1CXP,A
1CYD,A
1CYF,A
1CYW,A
1CYX,A
1CZ3,A
1D0C,A
1D0O,A
1D1G,A
1D1S,A
1D1T,A
1D1V,A
1D1W,A
1D1X,A
1D1Y,A
1D2U,A
1D2V,A
1D3A,A
1D3G,A
1D3H,A
1D3S,A
1D4A,A
1D4C,A
1D4D,A
1D4E,A
1D4O,A
1D5L,A
1D5N,A
1D6U,A
1D6Y,A
1D6Z,A
1D7B,A
1D7C,A
1D7D,A
1D7L,A
1D7O,A
1D7W,A
1D8A,A
1DAJ,A
1DAO,A
1DAP,A
1DBV,A
1DC3,A
1DC4,A
1DC5,A
1DC6,A
1DCC,A
1DCS,A
1DD7,A
1DDG,A
1DDI,A
1DDO,A
1DDR,A
1DDS,A
1DDX,A
1DE0,A
1DEH,A
1DF1,A
1DF7,A
1DFG,A
1DFH,A
1DFI,A
1DFX,A
1DG5,A
1DG7,A
1DG8,A
1DGB,A
1DGF,A
1DGG,A
1DGH,A
1DGJ,A
1DHF,A
1DHI,A
1DHJ,A
1DHR,A
1DHT,A
1DHY,A
1DIA,A
1DIB,A
1DIG,A
1DIH,A
1DII,A
1DIQ,A
1DIR,A
1DIS,A
1DIU,A
1DIY,A
1DJ1,A
1DJ5,A
1DJ7,A
1DJL,A
1DJN,A
1DJQ,A
1DLA,A
1DLI,A
1DLJ,A
1DLM,A
1DLQ,A
1DLR,A
1DLS,A
1DLT,A
1DM6,A
1DM7,A
1DM8,A
1DMH,A
1DMI,A
1DMJ,A
1DMK,A
1DMR,A
1DMS,A
1DMW,A
1DNC,A
1DNL,A
1DNU,A
1DNW,A
1DO6,A
1DO8,A
1DOB,A
1DOC,A
1DOD,A
1DOE,A
1DOH,A
1DOR,A
1DPG,A
1DPS,A
1DPZ,A
1DQ3,A
1DQ8,A
1DQ9,A
1DQA,A
1DQI,A
1DQK,A
1DR0,A
1DR1,A
1DR2,A
1DR3,A
1DR4,A
1DR5,A
1DR6,A
1DR7,A
1DR8,A
1DRA,A
1DRB,A
1DRE,A
1DRF,A
1DRH,A
1DRT,A
1DRU,A
1DRV,A
1DRW,A
1DRY,A
1DS0,A
1DS1,A
1DS4,A
1DSE,A
1DSG,A
1DSO,A
1DSP,A
1DSS,A
1DSW,A
1DT0,A
1DT6,A
1DTW,A
1DVE,A
1DVG,A
1DWV,A
1DWW,A
1DWX,A
1DXL,A
1DXO,A
1DXQ,A
1DXY,A
1DY7,A
1DYH,A
1DYI,A
1DYJ,A
1DYR,A
1DYU,A
1DZ4,A
1DZ6,A
1DZ8,A
1DZ9,A
1DZN,A
1E08,A
1E0Y,A
1E18,A
1E1D,A
1E1K,A
1E1L,A
1E1M,A
1E1N,A
1E26,A
1E2R,A
1E2U,A
1E39,A
1E3E,A
1E3I,A
1E3L,A
1E3S,A
1E3T,A
1E3W,A
1E5D,A
1E5H,A
1E5I,A
1E5L,A
1E5Q,A
1E5R,A
1E5S,A
1E5V,A
1E60,A
1E61,A
1E62,A
1E63,A
1E64,A
1E6E,A
1E6U,A
1E6W,A
1E77,A
1E7M,A
1E7P,A
1E7Q,A
1E7R,A
1E7S,A
1E7W,A
1E7Y,A
1E8F,A
1E8G,A
1E8H,A
1E92,A
1E93,A
1E9O,A
1E9P,A
1E9Q,A
1E9V,A
1E9X,A
1EA0,A
1EA1,A
1EB7,A
1EBD,A
1EBE,A
1EBF,A
1EBU,A
1EBV,A
1ED4,A
1ED5,A
1ED6,A
1EDO,A
1EDZ,A
1EE2,A
1EE9,A
1EEP,A
1EF3,A
1EFK,A
1EFL,A
1EG9,A
1EGC,A
1EGD,A
1EGE,A
1EGY,A
1EHE,A
1EHF,A
1EHG,A
1EHK,A
1EIL,A
1EIQ,A
1EIR,A
1EK9,A
1EKG,A
1EKM,A
1EKO,A
1EL3,A
1EL5,A
1EL7,A
1EL8,A
1EL9,A
1ELI,A
1EM1,A
1EMD,A
1EN4,A
1EN5,A
1EN6,A
1ENO,A
1ENP,A
1ENY,A
1ENZ,A
1EO2,A
1EO9,A
1EOA,A
1EOB,A
1EOC,A
1EP1,A
1EP2,A
1EP3,A
1EQD,A
1EQG,A
1EQH,A
1EQU,A
1EQW,A
1ERX,A
1ESO,A
1ET5,A
1ET7,A
1ET8,A
1EU1,A
1EUH,A
1EUM,A
1EUP,A
1EUZ,A
1EVI,A
1EVJ,A
1EVY,A
1EVZ,A
1EWY,A
1EY2,A
1EYB,A
1EYY,A
1EZ0,A
1EZ4,A
1EZV,A
1EZW,A
1F06,A
1F07,A
1F0X,A
1F0Y,A
1F12,A
1F14,A
1F17,A
1F18,A
1F1A,A
1F1D,A
1F1G,A
1F1R,A
1F1U,A
1F1V,A
1F1X,A
1F20,A
1F24,A
1F25,A
1F26,A
1F30,A
1F33,A
1F3C,A
1F3P,A
1F4J,A
1F5M,A
1F6M,A
1F76,A
1F8F,A
1F8G,A
1F8N,A
1F8R,A
1F8S,A
1F8W,A
1F95,A
1F96,A
1FAG,A
1FAH,A
1FCB,A
1FCD,A
1FDI,A
1FDO,A
1FDR,A
1FDS,A
1FDT,A
1FDU,A
1FDV,A
1FDW,A
1FE2,A
1FEA,A
1FEB,A
1FEC,A
1FEH,A
1FF3,A
1FF9,A
1FFT,A
1FFU,A
1FFV,A
1FGJ,A
1FGM,A
1FGO,A
1FGQ,A
1FGR,A
1FGT,A
1FHA,A
1FHF,A
1FI2,A
1FIQ,A
1FJH,A
1FK8,A
1FL2,A
1FLG,A
1FMC,A
1FNB,A
1FNC,A
1FND,A
1FO4,A
1FOH,A
1FOI,A
1FOJ,A
1FOL,A
1FOO,A
1FOP,A
1FP4,A
1FP6,A
1FQT,A
1FRB,A
1FRF,A
1FRN,A
1FRQ,A
1FRV,A
1FS7,A
1FS8,A
1FS9,A
1FUN,A
1FVA,A
1FVG,A
1FWX,A
1FXS,A
1FYZ,A
1FZ0,A
1FZ1,A
1FZ2,A
1FZ3,A
1FZ4,A
1FZ5,A
1FZ6,A
1FZ7,A
1FZ8,A
1FZ9,A
1FZH,A
1FZI,A
1G0N,A
1G0O,A
1G10,A
1G11,A
1G1M,A
1G20,A
1G21,A
1G2U,A
1G5P,A
1G6K,A
1G72,A
1G76,A
1G77,A
1G78,A
1G79,A
1G8J,A
1G8K,A
1GAD,A
1GAE,A
1GAL,A
1GAQ,A
1GAW,A
1GC8,A
1GC9,A
1GCO,A
1GCU,A
1GD1,A
1GDH,A
1GEB,A
1GED,A
1GEE,A
1GEG,A
1GEI,A
1GEJ,A
1GEK,A
1GEM,A
1GER,A
1GES,A
1GET,A
1GEU,A
1GFS,A
1GG5,A
1GG9,A
1GGE,A
1GGF,A
1GGH,A
1GGJ,A
1GGK,A
1GJM,A
1GJQ,A
1GJR,A
1GJX,A
1GL3,A
1GN2,A
1GN3,A
1GN4,A
1GN6,A
1GN9,A
1GNL,A
1GNT,A
1GO2,A
1GOF,A
1GOG,A
1GOH,A
1GOS,A
1GOX,A
1GP1,A
1GP4,A
1GP5,A
1GP6,A
1GPD,A
1GPE,A
1GPJ,A
1GQ1,A
1GQ2,A
1GQG,A
1GQH,A
1GQW,A
1GR1,A
1GRA,A
1GRB,A
1GRE,A
1GRF,A
1GRG,A
1GRH,A
1GRO,A
1GRP,A
1GRT,A
1GS6,A
1GS7,A
1GS8,A
1GSN,A
1GT8,A
1GTE,A
1GTH,A
1GTM,A
1GU6,A
1GU7,A
1GU9,A
1GUF,A
1GUY,A
1GUZ,A
1GV0,A
1GV1,A
1GV3,A
1GV4,A
1GVE,A
1GVG,A
1GVH,A
1GW0,A
1GW2,A
1GWE,A
1GWF,A
1GWH,A
1GWO,A
1GWT,A
1GWU,A
1GX2,A
1GX7,A
1GXF,A
1GY9,A
1GYC,A
1GYL,A
1GYP,A
1GYQ,A
1GYR,A
1GZ3,A
1GZ4,A
1GZ6,A
1GZA,A
1GZB,A
1H0H,A
1H0K,A
1H0N,A
1H0O,A
1H1I,A
1H1L,A
1H1M,A
1H2A,A
1H2B,A
1H2H,A
1H2K,A
1H2L,A
1H2M,A
1H2N,A
1H2R,A
1H31,A
1H32,A
1H33,A
1H3J,A
1H42,A
1H4I,A
1H4J,A
1H4O,A
1H55,A
1H57,A
1H58,A
1H5A,A
1H5C,A
1H5D,A
1H5E,A
1H5F,A
1H5G,A
1H5H,A
1H5I,A
1H5J,A
1H5K,A
1H5L,A
1H5M,A
1H5N,A
1H5Q,A
1H5Z,A
1H66,A
1H69,A
1H6A,A
1H6B,A
1H6C,A
1H6D,A
1H6N,A
1H6V,A
1H78,A
1H79,A
1H7A,A
1H7B,A
1H7K,A
1H7W,A
1H7X,A
1H81,A
1H82,A
1H83,A
1H84,A
1H85,A
1H86,A
1H93,A
1H94,A
1H9A,A
1H9B,A
1H9X,A
1H9Y,A
1HAN,A
1HAU,A
1HAW,A
1HB1,A
1HB2,A
1HB3,A
1HB4,A
1HBZ,A
1HCH,A
1HCM,A
1HD2,A
1HDC,A
1HDG,A
1HDO,A
1HDR,A
1HDX,A
1HDY,A
1HDZ,A
1HE2,A
1HE3,A
1HE4,A
1HE5,A
1HET,A
1HEU,A
1HEX,A
1HF3,A
1HFE,A
1HFP,A
1HFQ,A
1HFR,A
1HFU,A
1HJ3,A
1HJ4,A
1HJ5,A
1HJ6,A
1HJF,A
1HJG,A
1HK8,A
1HKU,A
1HL3,A
1HL4,A
1HL5,A
1HLD,A
1HLP,A
1HPC,A
1HQI,A
1HQS,A
1HQT,A
1HR8,A
1HR9,A
1HRD,A
1HSK,A
1HSO,A
1HSR,A
1HSZ,A
1HT0,A
1HT5,A
1HT8,A
1HTB,A
1HTP,A
1HU9,A
1HUV,A
1HW6,A
1HW8,A
1HW9,A
1HWI,A
1HWJ,A
1HWK,A
1HWL,A
1HWY,A
1HWZ,A
1HXH,A
1HYE,A
1HYG,A
1HYU,A
1HZU,A
1HZV,A
1HZZ,A
1I01,A
1I08,A
1I0H,A
1I0R,A
1I0S,A
1I0Z,A
1I10,A
1I19,A
1I2Z,A
1I30,A
1I32,A
1I33,A
1I5R,A
1I7P,A
1I83,A
1I9D,A
1IA1,A
1IA2,A
1IA3,A
1IA4,A
1IB0,A
1IB5,A
1IB6,A
1IBB,A
1IBD,A
1IBF,A
1IBH,A
1ICP,A
1ICQ,A
1ICS,A
1IDC,A
1IDD,A
1IDE,A
1IDF,A
1IDM,A
1IDQ,A
1IDS,A
1IDU,A
1IE3,A
1IEI,A
1IGX,A
1IGZ,A
1IHX,A
1IHY,A
1IJH,A
1IK3,A
1IKA,A
1IKE,A
1IKJ,A
1IKT,A
1IL0,A
1ILO,A
1IOL,A
1IPD,A
1IPE,A
1IPF,A
1IPH,A
1IPS,A
1IQC,A
1IQX,A
1IQY,A
1IRM,A
1IS2,A
1ISA,A
1ISB,A
1ISC,A
1ISO,A
1ITK,A
1ITW,A
1IU7,A
1IUS,A
1IUT,A
1IUU,A
1IUV,A
1IUW,A
1IUX,A
1IVH,A
1IVI,A
1IVJ,A
1IVU,A
1IVV,A
1IVW,A
1IVX,A
1IW0,A
1IW1,A
1IWI,A
1IWJ,A
1IWK,A
1IX3,A
1IX4,A
1IX9,A
1IXB,A
1IY8,A
1IYN,A
1IYZ,A
1IZ0,A
1IZ3,A
1IZ9,A
1IZL,A
1IZO,A
1J02,A
1J0X,A
1J1L,A
1J1W,A
1J2C,A
1J2G,A
1J3I,A
1J3J,A
1J3K,A
1J49,A
1J4A,A
1J51,A
1J5P,A
1J77,A
1J8T,A
1J8U,A
1J9B,A
1J9Q,A
1J9R,A
1J9S,A
1J9T,A
1J9Z,A
1JA0,A
1JA1,A
1JA8,A
1JAX,A
1JAY,A
1JB0,A
1JB9,A
1JCI,A
1JCN,A
1JCV,A
1JDJ,A
1JDR,A
1JEH,A
1JEZ,A
1JFB,A
1JFC,A
1JGC,A
1JI4,A
1JI5,A
1JIG,A
1JIN,A
1JIO,A
1JIP,A
1JJU,A
1JK0,A
1JK9,A
1JKU,A
1JKV,A
1JME,A
1JMX,A
1JMZ,A
1JN0,A
1JNQ,A
1JNR,A
1JNW,A
1JNZ,A
1JOA,A
1JOL,A
1JOM,A
1JPE,A
1JPR,A
1JPU,A
1JPZ,A
1JQ4,A
1JQ5,A
1JQA,A
1JQB,A
1JQC,A
1JQI,A
1JQK,A
1JQV,A
1JQX,A
1JR1,A
1JR8,A
1JR9,A
1JRA,A
1JRB,A
1JRC,A
1JRE,A
1JRO,A
1JRP,A
1JRQ,A
1JRX,A
1JRY,A
1JRZ,A
1JTS,A
1JTV,A
1JU9,A
1JUB,A
1JUE,A
1JUH,A
1JUV,A
1JVB,A
1JVS,A
1JWJ,A
1JWK,A
1JZD,A
1JZW,A
1K02,A
1K03,A
1K0I,A
1K0J,A
1K0L,A
1K0T,A
1K2O,A
1K2R,A
1K2S,A
1K2T,A
1K2U,A
1K2W,A
1K3I,A
1K3T,A
1K4Q,A
1K5H,A
1K75,A
1K89,A
1K8C,A
1KAE,A
1KAH,A
1KAR,A
1KB0,A
1KB9,A
1KBI,A
1KBJ,A
1KBO,A
1KBQ,A
1KBV,A
1KBW,A
1KBZ,A
1KC1,A
1KC3,A
1KCB,A
1KCW,A
1KDG,A
1KEK,A
1KEV,A
1KF6,A
1KFY,A
1KGN,A
1KGO,A
1KGP,A
1KIF,A
1KKC,A
1KLK,A
1KMG,A
1KMS,A
1KMV,A
1KMY,A
1KNC,A
1KND,A
1KNF,A
1KNP,A
1KNR,A
1KOI,A
1KOK,A
1KOL,A
1KQ3,A
1KQF,A
1KQG,A
1KRH,A
1KRJ,A
1KRQ,A
1KS9,A
1KSI,A
1KSS,A
1KSU,A
1KV9,A
1KW0,A
1KW3,A
1KW6,A
1KW8,A
1KW9,A
1KWB,A
1KWC,A
1KXM,A
1KXN,A
1KY8,A
1KYA,A
1KYO,A
1KYQ,A
1KZM,A
1L0L,A
1L0N,A
1L0V,A
1L1D,A
1L1F,A
1L1L,A
1L3N,A
1L5H,A
1L6P,A
1L7D,A
1L7E,A
1L8A,A
1L8H,A
1L8I,A
1L9C,A
1L9D,A
1L9E,A
1L9O,A
1L9P,A
1L9Q,A
1L9R,A
1L9S,A
1L9T,A
1LC0,A
1LC3,A
1LCI,A
1LCO,A
1LDB,A
1LDC,A
1LDE,A
1LDG,A
1LDM,A
1LDN,A
1LDY,A
1LEH,A
1LFK,A
1LG9,A
1LGA,A
1LGF,A
1LGT,A
1LJ1,A
1LJ8,A
1LJL,A
1LJU,A
1LK0,A
1LKD,A
1LLC,A
1LLD,A
1LLP,A
1LLQ,A
1LLU,A
1LLW,A
1LLZ,A
1LM1,A
1LNH,A
1LOX,A
1LPF,A
1LQL,A
1LQT,A
1LQU,A
1LRM,A
1LRT,A
1LRW,A
1LSJ,A
1LSO,A
1LTD,A
1LTH,A
1LTU,A
1LTV,A
1LTZ,A
1LU9,A
1LUA,A
1LUC,A
1LUD,A
1LUV,A
1LUW,A
1LVL,A
1LVN,A
1LW1,A
1LWD,A
1LWI,A
1LWL,A
1LX6,A
1LXC,A
1LY3,A
1LY4,A
1LY7,A
1LY8,A
1LY9,A
1LYC,A
1LYK,A
1LZX,A
1LZZ,A
1M00,A
1M1N,A
1M1Y,A
1M2W,A
1M34,A
1M41,A
1M56,A
1M57,A
1M64,A
1M66,A
1M67,A
1M6H,A
1M6I,A
1M6W,A
1M75,A
1M76,A
1M78,A
1M79,A
1M7A,A
1M7S,A
1M7V,A
1M7Z,A
1M85,A
1M8D,A
1M8E,A
1M8H,A
1M8I,A
1M9H,A
1M9J,A
1M9K,A
1M9M,A
1M9Q,A
1M9R,A
1M9T,A
1MA0,A
1MA1,A
1MAE,A
1MAF,A
1MAR,A
1MB4,A
1MBB,A
1MBT,A
1MC4,A
1MC5,A
1MDA,A
1ME5,A
1ME7,A
1ME8,A
1ME9,A
1MEH,A
1MEI,A
1MEW,A
1MFM,A
1MFP,A
1MFR,A
1MFZ,A
1MG0,A
1MG2,A
1MG3,A
1MG5,A
1MGO,A
1MHC,A
1MHL,A
1MHY,A
1MHZ,A
1MI3,A
1MIO,A
1MJ4,A
1MJG,A
1MJT,A
1MK8,A
1MKQ,A
1MKR,A
1ML2,A
1ML3,A
1ML7,A
1MLD,A
1MLW,A
1MMK,A
1MMM,A
1MMO,A
1MMT,A
1MMV,A
1MMW,A
1MN1,A
1MN2,A
1MNG,A
1MNP,A
1MO9,A
1MOJ,A
1MOK,A
1MP0,A
1MPW,A
1MPY,A
1MQF,A
1MRR,A
1MSD,A
1MTY,A
1MUU,A
1MV8,A
1MVS,A
1MVT,A
1MX3,A
1MXR,A
1MXT,A
1MY6,A
1MYP,A
1MZE,A
1MZF,A
1MZR,A
1MZY,A
1MZZ,A
1N0J,A
1N0N,A
1N15,A
1N18,A
1N19,A
1N1E,A
1N1G,A
1N1P,A
1N1Q,A
1N2C,A
1N2N,A
1N2S,A
1N3U,A
1N40,A
1N45,A
1N4G,A
1N4U,A
1N4V,A
1N4W,A
1N50,A
1N5D,A
1N5W,A
1N5X,A
1N60,A
1N61,A
1N62,A
1N63,A
1N6B,A
1N70,A
1N8J,A
1N8K,A
1N8Q,A
1N90,A
1N92,A
1N9G,A
1NAA,A
1NAS,A
1NBO,A
1NDA,A
1NDH,A
1NDO,A
1NDR,A
1NDS,A
1NDT,A
1NEC,A
1NEK,A
1NEN,A
1NEQ,A
1NER,A
1NF4,A
1NF6,A
1NF7,A
1NFB,A
1NFF,A
1NFQ,A
1NFR,A
1NFV,A
1NG3,A
1NG4,A
1NHG,A
1NHP,A
1NHQ,A
1NHR,A
1NHS,A
1NHW,A
1NI4,A
1NI6,A
1NIA,A
1NIB,A
1NIC,A
1NID,A
1NIE,A
1NIF,A
1NIP,A
1NIR,A
1NIW,A
1NM0,A
1NM3,A
1NM5,A
1NML,A
1NNO,A
1NNU,A
1NO3,A
1NOC,A
1NOD,A
1NOO,A
1NOS,A
1NOX,A
1NP3,A
1NP4,A
1NPD,A
1NPJ,A
1NPN,A
1NPT,A
1NPX,A
1NPY,A
1NQ5,A
1NQA,A
1NQK,A
1NQO,A
1NQT,A
1NR1,A
1NR6,A
1NR7,A
1NRG,A
1NSE,A
1NSI,A
1NSW,A
1NTD,A
1NTK,A
1NTM,A
1NTO,A
1NTZ,A
1NU1,A
1NVG,A
1NVM,A
1NVT,A
1NW2,A
1NWA,A
1NWC,A
1NWH,A
1NX4,A
1NX6,A
1NX8,A
1NXQ,A
1NXU,A
1NYE,A
1NYT,A
1NZW,A
1NZX,A
1NZZ,A
1O00,A
1O01,A
1O02,A
1O04,A
1O05,A
1O0S,A
1O20,A
1O2D,A
1O5I,A
1O5W,A
1O6Z,A
1O76,A
1O7G,A
1O7H,A
1O7M,A
1O7N,A
1O7P,A
1O7W,A
1O89,A
1O8C,A
1O94,A
1O95,A
1O9B,A
1O9I,A
1O9J,A
1O9R,A
1OA0,A
1OA1,A
1OAA,A
1OAC,A
1OAF,A
1OAG,A
1OAH,A
1OAJ,A
1OAL,A
1OAO,A
1OBN,A
1OC1,A
1OC3,A
1OC4,A
1OCC,A
1OCO,A
1OCR,A
1OCZ,A
1ODM,A
1ODN,A
1OEZ,A
1OFD,A
1OFE,A
1OFG,A
1OG6,A
1OGI,A
1OGJ,A
1OGP,A
1OGY,A
1OHJ,A
1OHK,A
1OIH,A
1OII,A
1OIJ,A
1OIK,A
1OJ7,A
1OJ9,A
1OJA,A
1OJC,A
1OJD,A
1OJT,A
1OLS,A
1OLT,A
1OLU,A
1OLX,A
1OM2,A
1OM4,A
1OM5,A
1OMO,A
1ONF,A
1ONN,A
1ONO,A
1ONP,A
1OOE,A
1OPM,A
1OQ4,A
1OQ7,A
1OQ9,A
1OQB,A
1OQC,A
1OQU,A
1OS7,A
1OSI,A
1OSJ,A
1OTJ,A
1OTV,A
1OTW,A
1OVD,A
1OXA,A
1OYA,A
1OYB,A
1OYC,A
1OYK,A
1OYL,A
1OZA,A
1OZE,A
1OZL,A
1OZR,A
1OZT,A
1OZU,A
1OZW,A
1P0C,A
1P0F,A
1P0V,A
1P0W,A
1P0X,A
1P1R,A
1P1V,A
1P2E,A
1P2H,A
1P2Y,A
1P33,A
1P3T,A
1P3U,A
1P3V,A
1P44,A
1P45,A
1P4C,A
1P5B,A
1P6H,A
1P6I,A
1P6J,A
1P6K,A
1P6L,A
1P6M,A
1P6N,A
1P74,A
1P77,A
1P7G,A
1P7R,A
1P7Y,A
1P7Z,A
1P80,A
1P81,A
1P84,A
1P8C,A
1P8F,A
1P9L,A
1PA2,A
1PAH,A
1PAL,A
1PB1,A
1PB3,A
1PBB,A
1PBC,A
1PBD,A
1PBE,A
1PBF,A
1PBY,A
1PD8,A
1PD9,A
1PDB,A
1PDH,A
1PED,A
1PEM,A
1PEO,A
1PEQ,A
1PEU,A
1PFD,A
1PFR,A
1PGE,A
1PGF,A
1PGG,A
1PGJ,A
1PGN,A
1PGO,A
1PGP,A
1PGQ,A
1PHA,A
1PHB,A
1PHC,A
1PHD,A
1PHE,A
1PHF,A
1PHG,A
1PHH,A
1PHM,A
1PHZ,A
1PIM,A
1PIU,A
1PIW,A
1PIY,A
1PIZ,A
1PJ0,A
1PJ1,A
1PJ2,A
1PJ3,A
1PJ4,A
1PJ5,A
1PJ6,A
1PJ7,A
1PJB,A
1PJC,A
1PJL,A
1PJQ,A
1PJS,A
1PJT,A
1PKF,A
1PL3,A
1PL4,A
1PL6,A
1PL7,A
1PL8,A
1PM2,A
1PM9,A
1PN0,A
1PNO,A
1PNQ,A
1PO5,A
1POW,A
1POX,A
1PP9,A
1PPJ,A
1PQ2,A
1PQP,A
1PQU,A
1PR3,A
1PR9,A
1PRH,A
1PRX,A
1PS0,A
1PS6,A
1PS7,A
1PS8,A
1PS9,A
1PSD,A
1PSQ,A
1PT9,A
1PTH,A
1PTJ,A
1PTM,A
1PTZ,A
1PU0,A
1PU2,A
1PU4,A
1PVB,A
1PVN,A
1PWL,A
1PWM,A
1PXA,A
1PXB,A
1PXC,A
1PXX,A
1PYF,A
1PZ0,A
1PZ1,A
1PZE,A
1PZF,A
1PZG,A
1PZH,A
1PZS,A
1Q0C,A
1Q0D,A
1Q0E,A
1Q0F,A
1Q0G,A
1Q0H,A
1Q0K,A
1Q0L,A
1Q0M,A
1Q0O,A
1Q0Q,A
1Q13,A
1Q16,A
1Q1N,A
1Q1R,A
1Q1W,A
1Q2O,A
1Q2X,A
1Q45,A
1Q4G,A
1Q5D,A
1Q5E,A
1Q5M,A
1Q7B,A
1Q7C,A
1Q7G,A
1Q90,A
1Q98,A
1Q9I,A
1QAF,A
1QAK,A
1QAL,A
1QAU,A
1QAV,A
1QAX,A
1QAY,A
1QBG,A
1QBI,A
1QCR,A
1QCW,A
1QDB,A
1QF7,A
1QFJ,A
1QFN,A
1QFY,A
1QFZ,A
1QG0,A
1QG6,A
1QGA,A
1QGH,A
1QGJ,A
1QGU,A
1QGY,A
1QGZ,A
1QH0,A
1QH1,A
1QH8,A
1QHB,A
1QI1,A
1QI6,A
1QI9,A
1QIQ,A
1QJD,A
1QJE,A
1QJF,A
1QKI,A
1QKS,A
1QLB,A
1QLE,A
1QLH,A
1QLJ,A
1QLT,A
1QLU,A
1QMG,A
1QMQ,A
1QMV,A
1QNM,A
1QNN,A
1QO4,A
1QO8,A
1QOM,A
1QOR,A
1QPA,A
1QQ2,A
1QQW,A
1QR2,A
1QR6,A
1QRD,A
1QRQ,A
1QS0,A
1QSG,A
1QUE,A
1QUF,A
1QV0,A
1QV1,A
1QV6,A
1QV7,A
1QV9,A
1QW4,A
1QW5,A
1QW6,A
1QWC,A
1QWI,A
1QWL,A
1QWM,A
1QWS,A
1QX4,A
1QXH,A
1QXS,A
1QYV,A
1QYW,A
1QYX,A
1QZF,A
1R03,A
1R0K,A
1R0L,A
1R1R,A
1R27,A
1R2F,A
1R31,A
1R35,A
1R37,A
1R38,A
1R4S,A
1R4U,A
1R51,A
1R56,A
1R65,A
1R6Y,A
1R7I,A
1R8K,A
1R9O,A
1RA1,A
1RA2,A
1RA3,A
1RA8,A
1RA9,A
1RAL,A
1RB2,A
1RB3,A
1RC4,A
1RD7,A
1RE7,A
1RE9,A
1REO,A
1RF7,A
1RF9,A
1RFS,A
1RG7,A
1RH3,A
1RHC,A
1RIB,A
1RIE,A
1RJO,A
1RJW,A
1RK7,A
1RLI,A
1RLR,A
1RM3,A
1RM4,A
1RM5,A
1RM6,A
1RNR,A
1ROM,A
1ROV,A
1RP4,A
1RP7,A
1RQ1,A
1RRH,A
1RRL,A
1RRM,A
1RS6,A
1RS7,A
1RS8,A
1RS9,A
1RSG,A
1RSR,A
1RSV,A
1RTT,A
1RW4,A
1RWB,A
1RX0,A
1RX1,A
1RX2,A
1RX3,A
1RX4,A
1RX5,A
1RX6,A
1RX7,A
1RX8,A
1RX9,A
1RXE,A
1RXF,A
1RXG,A
1RXI,A
1RYC,A
1RYD,A
1RYE,A
1RYI,A
1RZ5,A
1RZ6,A
1RZP,A
1RZQ,A
1S13,A
1S1F,A
1S20,A
1S2Q,A
1S2Y,A
1S3A,A
1S3B,A
1S3C,A
1S3D,A
1S3E,A
1S3I,A
1S3U,A
1S3V,A
1S3W,A
1S3Y,A
1S4I,A
1S5L,A
1S6V,A
1S73,A
1S7C,A
1S8C,A
1SAY,A
1SB3,A
1SBM,A
1SBY,A
1SC6,A
1SCH,A
1SD8,A
1SD9,A
1SDA,A
1SDQ,A
1SDW,A
1SDY,A
1SE6,A
1SEJ,A
1SEN,A
1SEP,A
1SEV,A
1SEZ,A
1SG0,A
1SI8,A
1SIH,A
1SII,A
1SIJ,A
1SIQ,A
1SIR,A
1SIW,A
1SJ2,A
1SJM,A
1SJS,A
1SJZ,A
1SK0,A
1SK1,A
1SK2,A
1SK7,A
1SM4,A
1SM9,A
1SMI,A
1SMJ,A
1SMK,A
1SMQ,A
1SMS,A
1SNR,A
1SO8,A
1SOF,A
1SOG,A
1SOS,A
1SOV,A
1SOW,A
1SOX,A
1SP9,A
1SPD,A
1SPU,A
1SPX,A
1SQB,A
1SQD,A
1SQE,A
1SQI,A
1SQP,A
1SQQ,A
1SQV,A
1SQX,A
1SRD,A
1STQ,A
1SU6,A
1SU7,A
1SU8,A
1SUF,A
1SUO,A
1SUR,A
1SXA,A
1SXB,A
1SXC,A
1SXN,A
1SXS,A
1SXU,A
1SXW,A
1SXX,A
1SXY,A
1SXZ,A
1SY0,A
1SY1,A
1SY2,A
1SY3,A
1SY7,A
1SYY,A
1SZE,A
1SZF,A
1SZG,A
1SZJ,A
1SZX,A
1T02,A
1T09,A
1T0I,A
1T0L,A
1T0T,A
1T1R,A
1T1S,A
1T24,A
1T25,A
1T26,A
1T2B,A
1T2C,A
1T2D,A
1T2E,A
1T2F,A
1T2X,A
1T3Q,A
1T40,A
1T41,A
1T47,A
1T4B,A
1T4D,A
1T5B,A
1T5P,A
1T6I,A
1T6Q,A
1T6U,A
1T85,A
1T86,A
1T87,A
1T88,A
1T90,A
1T93,A
1T9G,A
1TA4,A
1TA9,A
1TB3,A
1TB4,A
1TDE,A
1TDF,A
1TDK,A
1TDN,A
1TDO,A
1TDR,A
1TDW,A
1TEH,A
1TFZ,A
1TG2,A
1TG5,A
1TGU,A
1TH2,A
1TH3,A
1TH4,A
1TIK,A
1TIW,A
1TJ0,A
1TJ1,A
1TJ2,A
1TJC,A
1TJO,A
1TK1,A
1TK6,A
1TKL,A
1TKO,A
1TKP,A
1TLB,A
1TLL,A
1TLT,A
1TMO,A
1TMX,A
1TO4,A
1TO5,A
1TOH,A
1TQ5,A
1TQN,A
1TQQ,A
1TRB,A
1TT0,A
1TT7,A
1TU5,A
1TUV,A
1TV5,A
1TVC,A
1TVE,A
1TWN,A
1TWR,A
1TXG,A
1TXN,A
1TXX,A
1TY9,A
1TYO,A
1TYP,A
1TYT,A
1TZL,A
1U0X,A
1U13,A
1U28,A
1U2D,A
1U2G,A
1U2J,A
1U2K,A
1U2L,A
1U31,A
1U3T,A
1U3U,A
1U3V,A
1U3W,A
1U4O,A
1U4S,A
1U5A,A
1U5B,A
1U5C,A
1U67,A
1U6I,A
1U6J,A
1U6K,A
1U70,A
1U71,A
1U72,A
1U74,A
1U75,A
1U7T,A
1U8F,A
1UB2,A
1UBB,A
1UBH,A
1UBJ,A
1UBK,A
1UBL,A
1UBM,A
1UBO,A
1UBR,A
1UBT,A
1UBU,A
1UC7,A
1UDY,A
1UE8,A
1UED,A
1UER,A
1UES,A
1UH5,A
1UI7,A
1UI8,A
1UJM,A
1UKW,A
1ULI,A
1ULJ,A
1ULS,A
1ULU,A
1ULW,A
1ULX,A
1UM9,A
1UMB,A
1UMC,A
1UMD,A
1UMK,A
1UMN,A
1UNB,A
1UNF,A
1UO9,A
1UOB,A
1UOF,A
1UOG,A
1UP8,A
1UPX,A
1UR3,A
1UR5,A
1URM,A
1US0,A
1US1,A
1UUF,A
1UUM,A
1UUO,A
1UUV,A
1UUW,A
1UVH,A
1UXG,A
1UXH,A
1UXI,A
1UXJ,A
1UXK,A
1UXL,A
1UXM,A
1UXN,A
1UXP,A
1UXQ,A
1UXR,A
1UXT,A
1UXU,A
1UXV,A
1UXY,A
1UYU,A
1UZL,A
1UZM,A
1UZN,A
1UZR,A
1UZW,A
1V0H,A
1V10,A
1V11,A
1V16,A
1V1M,A
1V1R,A
1V35,A
1V53,A
1V54,A
1V55,A
1V59,A
1V5B,A
1V5E,A
1V5F,A
1V5G,A
1V5N,A
1V5Y,A
1V5Z,A
1V6A,A
1V8X,A
1V93,A
1V94,A
1V97,A
1V98,A
1V9L,A
1V9N,A
1VAF,A
1VAG,A
1VAO,A
1VAR,A
1VAX,A
1VAY,A
1VBI,A
1VBJ,A
1VCK,A
1VDC,A
1VDH,A
1VDR,A
1VDV,A
1VE9,A
1VEI,A
1VEL,A
1VEQ,A
1VEW,A
1VF5,A
1VFI,A
1VFR,A
1VGI,A
1VHD,A
1VHM,A
1VHN,A
1VI2,A
1VIE,A
1VIF,A
1VJ0,A
1VJ1,A
1VJ3,A
1VJI,A
1VJU,A
1VKE,A
1VKN,A
1VL8,A
1VLB,A
1VLC,A
1VLG,A
1VLJ,A
1VLL,A
1VLU,A
1VM6,A
1VNC,A
1VNE,A
1VNF,A
1VNG,A
1VNH,A
1VNI,A
1VNS,A
1VP5,A
1VPD,A
1VPR,A
1VQW,A
1VR3,A
1VRD,A
1VRQ,A
1VRS,A
1VRW,A
1VSU,A
1VSV,A
1VZ4,A
1VZ5,A
1VZG,A
1VZH,A
1VZI,A
1W03,A
1W04,A
1W05,A
1W06,A
1W07,A
1W0C,A
1W0D,A
1W1J,A
1W1K,A
1W1L,A
1W1M,A
1W1O,A
1W1Q,A
1W1R,A
1W1S,A
1W28,A
1W2A,A
1W2L,A
1W2N,A
1W2O,A
1W2Z,A
1W34,A
1W35,A
1W3V,A
1W3X,A
1W4N,A
1W4W,A
1W4X,A
1W4Y,A
1W4Z,A
1W5C,A
1W5Z,A
1W68,A
1W69,A
1W6C,A
1W6G,A
1W6S,A
1W6U,A
1W73,A
1W85,A
1W87,A
1W88,A
1W8D,A
1W9A,A
1W9M,A
1W9Y,A
1WA6,A
1WAE,A
1WAL,A
1WB7,A
1WB8,A
1WCI,A
1WD6,A
1WDK,A
1WDL,A
1WDM,A
1WE0,A
1WE1,A
1WEP,A
1WHN,A
1WLY,A
1WMA,A
1WMB,A
1WMJ,A
1WMN,A
1WMO,A
1WMP,A
1WMV,A
1WNB,A
1WND,A
1WNT,A
1WNV,A
1WNW,A
1WNX,A
1WOV,A
1WOW,A
1WOX,A
1WP4,A
1WPI,A
1WPQ,A
1WPW,A
1WQL,A
1WRR,A
1WS2,A
1WS3,A
1WTJ,A
1WUH,A
1WUI,A
1WUJ,A
1WUK,A
1WUL,A
1WV4,A
1WVE,A
1WVF,A
1WW8,A
1WW9,A
1WWK,A
1WX2,A
1WX4,A
1WX5,A
1WXC,A
1WXD,A
1WYG,A
1WYL,A
1WYT,A
1WYU,A
1WYV,A
1WZD,A
1WZE,A
1WZF,A
1WZG,A
1WZI,A
1X0A,A
1X0L,A
1X0R,A
1X0V,A
1X0X,A
1X13,A
1X14,A
1X15,A
1X1E,A
1X1T,A
1X2G,A
1X2H,A
1X31,A
1X77,A
1X7G,A
1X7H,A
1X7W,A
1X7X,A
1X7Y,A
1X7Z,A
1X80,A
1X8N,A
1X8O,A
1X8P,A
1X8Q,A
1X8V,A
1X96,A
1X97,A
1X98,A
1XAA,A
1XAB,A
1XAC,A
1XAD,A
1XAN,A
1XBW,A
1XCP,A
1XD8,A
1XD9,A
1XDB,A
1XDC,A
1XDI,A
1XDQ,A
1XDW,A
1XDY,A
1XG5,A
1XGD,A
1XGV,A
1XHL,A
1XI2,A
1XIK,A
1XIL,A
1XIV,A
1XJE,A
1XJF,A
1XJG,A
1XJJ,A
1XJK,A
1XJM,A
1XJN,A
1XJZ,A
1XK0,A
1XK1,A
1XK2,A
1XK3,A
1XKD,A
1XKJ,A
1XLN,A
1XLO,A
1XLP,A
1XLQ,A
1XLT,A
1XME,A
1XMF,A
1XMG,A
1XMH,A
1XPQ,A
1XQ1,A
1XQD,A
1XR3,A
1XRE,A
1XRH,A
1XSE,A
1XSM,A
1XSO,A
1XT4,A
1XU3,A
1XU5,A
1XU7,A
1XU9,A
1XUQ,A
1XVB,A
1XVC,A
1XVD,A
1XVE,A
1XVF,A
1XVG,A
1XVQ,A
1XVW,A
1XW3,A
1XW4,A
1XXJ,A
1XXO,A
1XXU,A
1XY3,A
1XYG,A
1Y07,A
1Y0H,A
1Y0P,A
1Y0Z,A
1Y1E,A
1Y1F,A
1Y1G,A
1Y1H,A
1Y1I,A
1Y1J,A
1Y1P,A
1Y25,A
1Y30,A
1Y3T,A
1Y4K,A
1Y4Z,A
1Y56,A
1Y5I,A
1Y5L,A
1Y5M,A
1Y5N,A
1Y5R,A
1Y67,A
1Y6J,A
1Y7T,A
1Y9A,A
1Y9D,A
1Y9E,A
1YAI,A
1YAZ,A
1YB1,A
1YB4,A
1YB5,A
1YBA,A
1YBV,A
1YCF,A
1YCG,A
1YCH,A
1YCI,A
1YDE,A
1YDG,A
1YDW,A
1YE3,A
1YE4,A
1YE6,A
1YE9,A
1YEP,A
1YEW,A
1YEX,A
1YF0,A
1YF1,A
1YFD,A
1YFU,A
1YFW,A
1YFX,A
1YFY,A
1YGE,A
1YGY,A
1YHO,A
1YI9,A
1YIP,A
1YIQ,A
1YJ8,A
1YJK,A
1YJL,A
1YJQ,A
1YKF,A
1YKG,A
1YKJ,A
1YKK,A
1YKL,A
1YKM,A
1YKN,A
1YKO,A
1YKP,A
1YL5,A
1YL6,A
1YL7,A
1YON,A
1YPF,A
1YQ3,A
1YQ4,A
1YQ9,A
1YQD,A
1YQG,A
1YQO,A
1YQP,A
1YQW,A
1YQX,A
1YQZ,A
1YRC,A
1YRD,A
1YRH,A
1YRL,A
1YRQ,A
1YS4,A
1YSO,A
1YTQ,A
1YVE,A
1YW0,A
1YW1,A
1YWA,A
1YWB,A
1YWC,A
1YWD,A
1YWG,A
1YXM,A
1YXO,A
1YY5,A
1YYD,A
1YYG,A
1YZP,A
1YZR,A
1YZS,A
1Z01,A
1Z02,A
1Z03,A
1Z10,A
1Z11,A
1Z2D,A
1Z2E,A
1Z3N,A
1Z41,A
1Z42,A
1Z44,A
1Z48,A
1Z4A,A
1Z53,A
1Z5Y,A
1Z69,A
1Z6L,A
1Z6O,A
1Z6Z,A
1Z70,A
1Z82,A
1Z89,A
1Z8A,A
1Z8O,A
1Z8P,A
1Z8Q,A
1Z9A,A
1Z9N,A
1Z9P,A
1ZA5,A
1ZBQ,A
1ZBY,A
1ZBZ,A
1ZCH,A
1ZCJ,A
1ZDL,A
1ZDQ,A
1ZDR,A
1ZDS,A
1ZEJ,A
1ZEM,A
1ZFJ,A
1ZH8,A
1ZHB,A
1ZID,A
1ZJ8,A
1ZJ9,A
1ZJY,A
1ZJZ,A
1ZK0,A
1ZK1,A
1ZK2,A
1ZK3,A
1ZK4,A
1ZK7,A
1ZKQ,A
1ZLZ,A
1ZMC,A
1ZMD,A
1ZNQ,A
1ZO4,A
1ZO9,A
1ZOA,A
1ZOF,A
1ZOR,A
1ZOV,A
1ZOY,A
1ZP0,A
1ZP3,A
1ZP4,A
1ZPT,A
1ZPU,A
1ZR6,A
1ZRQ,A
1ZRT,A
1ZSN,A
1ZSP,A
1ZSV,A
1ZSX,A
1ZSY,A
1ZTE,A
1ZUA,A
1ZUM,A
1ZUQ,A
1ZV2,A
1ZVF,A
1ZVI,A
1ZVL,A
1ZW1,A
1ZWK,A
1ZWL,A
1ZX1,A
1ZX9,A
1ZXB,A
1ZXI,A
1ZXL,A
1ZY8,A
1ZYE,A
1ZYN,A
1ZYP,A
1ZYZ,A
1ZZ6,A
1ZZ7,A
1ZZ8,A
1ZZ9,A
1ZZB,A
1ZZC,A
1ZZD,A
1ZZE,A
1ZZH,A
1ZZQ,A
1ZZR,A
1ZZS,A
1ZZT,A
1ZZU,A
2A03,A
2A06,A
2A1M,A
2A1N,A
2A1O,A
2A1T,A
2A1X,A
2A1Y,A
2A2J,A
2A3T,A
2A4K,A
2A4V,A
2A5L,A
2A79,A
2A7N,A
2A7P,A
2A7R,A
2A85,A
2A87,A
2A89,A
2A8X,A
2A92,A
2A94,A
2A99,A
2A9A,A
2A9B,A
2A9C,A
2A9D,A
2A9E,A
2AA3,A
2AAQ,A
2ABA,A
2ABB,A
2ACQ,A
2ACR,A
2ACS,A
2ACU,A
2ACZ,A
2AD6,A
2AD7,A
2AD8,A
2ADP,A
2ADQ,A
2AE1,A
2AE2,A
2AEO,A
2AEX,A
2AF2,A
2AFH,A
2AFI,A
2AFN,A
2AFT,A
2AFY,A
2AG5,A
2AG8,A
2AGL,A
2AGT,A
2AGW,A
2AGX,A
2AGY,A
2AGZ,A
2AH0,A
2AH1,A
2AHK,A
2AHL,A
2AHR,A
2AII,A
2AIJ,A
2AIK,A
2AKJ,A
2ALR,A
2ALX,A
2AMF,A
2AMO,A
2AMU,A
2AN0,A
2AN2,A
2ANI,A
2ANO,A
2ANQ,A
2ANZ,A
2AOP,A
2APG,A
2APS,A
2AQ6,A
2AQ8,A
2AQD,A
2AQH,A
2AQI,A
2AQJ,A
2AQK,A
2AQN,A
2AQP,A
2AQQ,A
2AQR,A
2AQS,A
2AQT,A
2AR8,A
2ARD,A
2AS1,A
2AS2,A
2AS3,A
2AS4,A
2AS6,A
2ASY,A
2AT0,A
2AT3,A
2AT5,A
2AT6,A
2AT8,A
2ATF,A
2ATJ,A
2AUV,A
2AV8,A
2AVF,A
2AW5,A
2AW9,A
2AWP,A
2AXQ,A
2AXR,A
2AXT,A
2AYL,A
2AYQ,A
2AZN,A
2AZQ,A
2B08,A
2B0J,A
2B0M,A
2B0T,A
2B0Z,A
2B10,A
2B11,A
2B12,A
2B1X,A
2B24,A
2B35,A
2B36,A
2B37,A
2B3I,A
2B3Z,A
2B4G,A
2B4Q,A
2B4R,A
2B4T,A
2B5H,A
2B5O,A
2B5V,A
2B5W,A
2B5X,A
2B5Y,A
2B67,A
2B6F,A
2B76,A
2B7R,A
2B7S,A
2B81,A
2B83,A
2BBK,A
2BC0,A
2BC1,A
2BCC,A
2BCN,A
2BCP,A
2BD0,A
2BDM,A
2BEL,A
2BEU,A
2BEV,A
2BEW,A
2BF2,A
2BF3,A
2BF4,A
2BF5,A
2BF7,A
2BFA,A
2BFB,A
2BFC,A
2BFD,A
2BFE,A
2BFF,A
2BFM,A
2BFO,A
2BFP,A
2BGI,A
2BGJ,A
2BGK,A
2BGL,A
2BGM,A
2BGQ,A
2BGS,A
2BH9,A
2BHJ,A
2BHL,A
2BHP,A
2BHQ,A
2BI4,A
2BIH,A
2BII,A
2BJA,A
2BJK,A
2BJS,A
2BJY,A
2BK3,A
2BK4,A
2BK5,A
2BK6,A
2BKA,A
2BKB,A
2BKC,A
2BKJ,A
2BL4,A
2BL9,A
2BLA,A
2BLB,A
2BLC,A
2BLE,A
2BMA,A
2BMH,A
2BMW,A
2BMX,A
2BN4,A
2BNM,A
2BNN,A
2BNO,A
2BOQ,A
2BOY,A
2BP1,A
2BP7,A
2BPI,A
2BPO,A
2BQ1,A
2BRA,A
2BRT,A
2BRU,A
2BRY,A
2BS2,A
2BS3,A
2BS4,A
2BSA,A
2BSL,A
2BT3,A
2BU9,A
2BUM,A
2BUQ,A
2BUR,A
2BUT,A
2BUU,A
2BUV,A
2BUW,A
2BUX,A
2BUY,A
2BUZ,A
2BV0,A
2BVF,A
2BVG,A
2BVH,A
2BVJ,A
2BW0,A
2BW1,A
2BW4,A
2BW5,A
2BWD,A
2BWG,A
2BWI,A
2BX7,A
2BXR,A
2BXS,A
2BXV,A
2BYB,A
2BZ9,A
2BZN,A
2BZS,A
2C07,A
2C0C,A
2C0D,A
2C0U,A
2C10,A
2C11,A
2C12,A
2C1D,A
2C1U,A
2C1V,A
2C29,A
2C2F,A
2C2J,A
2C2S,A
2C2T,A
2C2U,A
2C2X,A
2C2Y,A
2C3C,A
2C3D,A
2C3M,A
2C3O,A
2C3P,A
2C3U,A
2C3Y,A
2C42,A
2C4C,A
2C64,A
2C65,A
2C66,A
2C67,A
2C6H,A
2C6Q,A
2C6R,A
2C70,A
2C72,A
2C73,A
2C75,A
2C76,A
2C7G,A
2C7V,A
2C7X,A
2C82,A
2C8V,A
2C91,A
2C9S,A
2C9U,A
2C9V,A
2CA0,A
2CAG,A
2CAH,A
2CB2,A
2CCA,A
2CCD,A
2CCP,A
2CD2,A
2CD7,A
2CD8,A
2CD9,A
2CDA,A
2CDB,A
2CDC,A
2CDH,A
2CDU,A
2CDY,A
2CE4,A
2CEI,A
2CEP,A
2CF5,A
2CF6,A
2CF7,A
2CFC,A
2CFD,A
2CFG,A
2CFI,A
2CFK,A
2CFL,A
2CFW,A
2CFY,A
2CG0,A
2CG1,A
2CGN,A
2CGO,A
2CHI,A
2CI0,A
2CIB,A
2CIG,A
2CIH,A
2CIK,A
2CIV,A
2CIW,A
2CIX,A
2CIY,A
2CIZ,A
2CJ0,A
2CJ1,A
2CJ2,A
2CKJ,A
2CL4,A
2CLB,A
2CLP,A
2CLU,A
2CMD,A
2CMJ,A
2CMV,A
2CN6,A
2CN7,A
2CND,A
2CO8,A
2COM,A
2CP4,A
2CPO,A
2CPP,A
2CQ2,A
2CQ8,A
2CU0,A
2CUA,A
2CUK,A
2CV4,A
2CVO,A
2CVQ,A
2CVS,A
2CVT,A
2CVU,A
2CVV,A
2CVW,A
2CVX,A
2CVY,A
2CVZ,A
2CW2,A
2CW3,A
2CWF,A
2CWH,A
2CWL,A
2CWT,A
2CWU,A
2CWV,A
2CX3,A
2CX4,A
2CX9,A
2CY0,A
2CYP,A
2CZC,A
2D09,A
2D0E,A
2D0K,A
2D0T,A
2D0U,A
2D0V,A
2D1C,A
2D1E,A
2D1Q,A
2D1R,A
2D1S,A
2D1T,A
2D1W,A
2D2C,A
2D36,A
2D37,A
2D38,A
2D3Q,A
2D3T,A
2D40,A
2D4A,A
2D4E,A
2D4V,A
2D5C,A
2D5N,A
2D88,A
2D8A,A
2DAP,A
2DBQ,A
2DBR,A
2DBV,A
2DBZ,A
2DC1,A
2DDH,A
2DE5,A
2DE6,A
2DE7,A
2DFD,A
2DFV,A
2DHF,A
2DHT,A
2DJI,A
2DJL,A
2DJX,A
2DK9,A
2DKE,A
2DKH,A
2DKI,A
2DKK,A
2DKN,A
2DLD,A
2DMR,A
2DOR,A
2DPG,A
2DPH,A
2DQ4,A
2DRC,A
2DTD,A
2DTE,A
2DTX,A
2DU2,A
2DU8,A
2DUX,A
2DUZ,A
2DV0,A
2DV6,A
2DVM,A
2DW4,A
2DWS,A
2DWT,A
2DY2,A
2DY5,A
2DYR,A
2DYS,A
2DZJ,A
2E0C,A
2E1M,A
2E1Q,A
2E2G,A
2E2M,A
2E2T,A
2E2U,A
2E2V,A
2E37,A
2E39,A
2E3A,A
2E3B,A
2E3T,A
2E46,A
2E47,A
2E48,A
2E49,A
2E4A,A
2E4G,A
2E5M,A
2E5V,A
2E68,A
2E6A,A
2E6D,A
2E6F,A
2E6R,A
2E74,A
2E75,A
2E76,A
2E77,A
2E7E,A
2E80,A
2E81,A
2E82,A
2E86,A
2E9E,A
2E9K,A
2EBA,A
2ECR,A
2ECU,A
2ED4,A
2EER,A
2EEZ,A
2EFB,A
2EGG,A
2EGH,A
2EHA,A
2EHQ,A
2EHU,A
2EHZ,A
2EI0,A
2EI1,A
2EI2,A
2EI3,A
2EIB,A
2EIC,A
2EID,A
2EIE,A
2EII,A
2EIJ,A
2EIK,A
2EIL,A
2EIM,A
2EIN,A
2EIT,A
2EIW,A
2EIX,A
2EJ6,A
2EJD,A
2EJL,A
2EJR,A
2EJV,A
2EJW,A
2EKG,A
2EKL,A
2EKP,A
2EKQ,A
2EP5,A
2EP7,A
2EQ6,A
2EQ7,A
2EQ8,A
2EQ9,A
2EQY,A
2ESD,A
2ET1,A
2ET6,A
2ET7,A
2ETE,A
2EUD,A
2EUH,A
2EUN,A
2EUO,A
2EUP,A
2EUQ,A
2EUR,A
2EUS,A
2EUT,A
2EUU,A
2EV9,A
2EW2,A
2EW8,A
2EWM,A
2EXR,A
2EZ4,A
2EZ8,A
2EZ9,A
2EZT,A
2EZU,A
2F1K,A
2F1O,A
2F2K,A
2F5V,A
2F5Z,A
2F6C,A
2F7N,A
2F8A,A
2F9Q,A
2FBW,A
2FBZ,A
2FC1,A
2FC2,A
2FD8,A
2FDF,A
2FDG,A
2FDH,A
2FDI,A
2FDJ,A
2FDK,A
2FDU,A
2FDV,A
2FDW,A
2FDY,A
2FE6,A
2FER,A
2FEU,A
2FHA,A
2FHS,A
2FJA,A
2FJB,A
2FJD,A
2FJE,A
2FJS,A
2FKZ,A
2FL0,A
2FLQ,A
2FMN,A
2FMO,A
2FMU,A
2FN7,A
2FNQ,A
2FOI,A
2FON,A
2FPT,A
2FPV,A
2FPY,A
2FQD,A
2FQE,A
2FQF,A
2FQG,A
2FQI,A
2FQL,A
2FR7,A
2FR8,A
2FRD,A
2FRV,A
2FRZ,A
2FSS,A
2FSV,A
2FUB,A
2FUG,A
2FWE,A
2FWF,A
2FWG,A
2FWH,A
2FWL,A
2FWM,A
2FXI,A
2FXL,A
2FY6,A
2FYN,A
2FYU,A
2FZ8,A
2FZ9,A
2FZB,A
2FZD,A
2FZE,A
2FZH,A
2FZI,A
2FZJ,A
2FZM,A
2FZN,A
2FZV,A
2FZW,A
2G17,A
2G18,A
2G19,A
2G1M,A
2G25,A
2G28,A
2G37,A
2G4O,A
2G5C,A
2G5W,A
2G67,A
2G6H,A
2G6I,A
2G6J,A
2G6K,A
2G6L,A
2G6M,A
2G6N,A
2G6O,A
2G6V,A
2G76,A
2G82,A
2G8S,A
2G8Y,A
2GA5,A
2GAS,A
2GB0,A
2GB8,A
2GBT,A
2GBU,A
2GBV,A
2GC4,A
2GC7,A
2GCG,A
2GCU,A
2GD1,A
2GDS,A
2GDZ,A
2GEP,A
2GER,A
2GEW,A
2GF2,A
2GF3,A
2GF7,A
2GFA,A
2GGN,A
2GGS,A
2GH2,A
2GH5,A
2GHC,A
2GHD,A
2GHE,A
2GHH,A
2GHK,A
2GJ1,A
2GJL,A
2GJM,A
2GJN,A
2GLX,A
2GMH,A
2GMJ,A
2GMY,A
2GO1,A
2GOJ,A
2GOY,A
2GP3,A
2GP5,A
2GPC,A
2GPT,A
2GQT,A
2GQU,A
2GQV,A
2GQW,A
2GQX,A
2GR0,A
2GR1,A
2GR2,A
2GR3,A
2GR6,A
2GR9,A
2GRA,A
2GRT,A
2GS3,A
2GSD,A
2GSM,A
2GSW,A
2GT3,A
2GUG,A
2GV8,A
2GVC,A
2GYY,A
2GZ1,A
2GZ2,A
2GZ3,A
2H01,A
2H0V,A
2H1S,A
2H2Q,A
2H30,A
2H3X,A
2H47,A
2H5G,A
2H5U,A
2H63,A
2H6E,A
2H6P,A
2H7Q,A
2H7R,A
2H7S,A
2H88,A
2H89,A
2H94,A
2H9I,A
2HAY,A
2HBT,A
2HBU,A
2HDH,A
2HE3,A
2HE5,A
2HE8,A
2HEJ,A
2HG2,A
2HHZ,A
2HI1,A
2HI4,A
2HI7,A
2HI8,A
2HIB,A
2HIQ,A
2HJ3,A
2HJ4,A
2HJB,A
2HJI,A
2HK7,A
2HK8,A
2HK9,A
2HKI,A
2HKM,A
2HKO,A
2HKR,A
2HLP,A
2HM9,A
2HMJ,A
2HMK,A
2HML,A
2HMM,A
2HMN,A
2HMO,A
2HPD,A
2HPV,A
2HQ1,A
2HQM,A
2HQP,A
2HRB,A
2HRG,A
2HRH,A
2HS6,A
2HS8,A
2HSA,A
2HSD,A
2HTN,A
2HU2,A
2HUO,A
2HV5,A
2HVB,A
2HVN,A
2HVO,A
2HX2,A
2HX3,A
2HX4,A
2HXC,A
2HXV,A
2HZE,A
2HZF,A
2I0K,A
2I0R,A
2I0S,A
2I0T,A
2I16,A
2I17,A
2I3A,A
2I3G,A
2I3Y,A
2I5P,A
2I99,A
2I9P,A
2IA8,A
2IAA,A
2IBA,A
2IBN,A
2IBZ,A
2IC0,A
2IC1,A
2ICQ,A
2ICV,A
2ID2,A
2IDZ,A
2IE0,A
2IEA,A
2IEB,A
2IED,A
2IEM,A
2IG9,A
2IGA,A
2IGK,A
2IGM,A
2IGN,A
2IGO,A
2IH8,A
2IH9,A
2IID,A
2IJ2,A
2IJ3,A
2IJ4,A
2IJ5,A
2IJ7,A
2IJC,A
2IJY,A
2IKC,A
2IKG,A
2IKH,A
2IKI,A
2IKJ,A
2ILM,A
2ILT,A
2ILU,A
2IMP,A
2INE,A
2INQ,A
2INZ,A
2IOD,A
2IPA,A
2IPF,A
2IPG,A
2IPI,A
2IPS,A
2IPW,A
2IQ0,A
2IQD,A
2IQF,A
2IRW,A
2IS7,A
2ISA,A
2ISF,A
2ISJ,A
2ISK,A
2ISL,A
2ITH,A
2IU2,A
2IUF,A
2IUJ,A
2IUK,A
2IUP,A
2IUQ,A
2IUR,A
2IUV,A
2IUW,A
2IV0,A
2IV2,A
2IVD,A
2IVE,A
2IVF,A
2IVI,A
2IVJ,A
2IW5,A
2IWF,A
2IWK,A
2IX5,A
2IX6,A
2IY4,A
2IY6,A
2IYO,A
2IYP,A
2IZ0,A
2IZ1,A
2IZZ,A
2J18,A
2J19,A
2J1M,A
2J2F,A
2J2M,A
2J3H,A
2J3I,A
2J3J,A
2J3K,A
2J3N,A
2J40,A
2J4S,A
2J55,A
2J56,A
2J57,A
2J5K,A
2J5M,A
2J5N,A
2J5Q,A
2J5R,A
2J5W,A
2J6I,A
2J6L,A
2J6X,A
2J7A,A
2J8T,A
2J8Z,A
2J9F,A
2JAE,A
2JB1,A
2JB2,A
2JB3,A
2JB4,A
2JB8,A
2JBR,A
2JBS,A
2JBT,A
2JBV,A
2JCV,A
2JCW,A
2JCX,A
2JCY,A
2JD0,A
2JD1,A
2JD2,A
2JFC,A
2JGD,A
2JHF,A
2JHG,A
2JI1,A
2JI2,A
2JI3,A
2JIF,A
2JIM,A
2JIO,A
2JIP,A
2JIQ,A
2JIR,A
2JJN,A
2JJO,A
2JJP,A
2JJY,A
2JK6,A
2JKC,A
2JKV,A
2JKX,A
2JLP,A
2JNK,A
2JO6,A
2JRZ,A
2JSY,A
2JSZ,A
2JTI,A
2JU5,A
2JXJ,A
2JYB,A
2JZA,A
2K0R,A
2K4W,A
2K8D,A
2K8V,A
2K9F,A
2KGG,A
2KGI,A
2KGK,A
2KLB,A
2KRU,A
2KT2,A
2KT3,A
2KV1,A
2KZN,A
2L17,A
2L18,A
2L19,A
2L1U,A
2L28,A
2L3D,A
2L8M,A
2L90,A
2LDB,A
2LDX,A
2LF1,A
2LFC,A
2LL6,A
2LL7,A
2LLN,A
2LM1,A
2LQD,A
2LQO,A
2LQQ,A
2LU5,A
2LV3,A
2M56,A
2MA5,A
2MAD,A
2MBR,A
2MDA,A
2MG5,A
2MIN,A
2MIQ,A
2MNY,A
2MNZ,A
2MP3,A
2MTA,A
2MU0,A
2MYN,A
2MYP,A
2MYT,A
2MYU,A
2N0S,A
2N18,A
2N5F,A
2N8J,A
2NAC,A
2NAD,A
2NAM,A
2NAP,A
2NIP,A
2NLI,A
2NLO,A
2NM0,A
2NNB,A
2NNH,A
2NNI,A
2NNJ,A
2NNL,A
2NNX,A
2NOD,A
2NOS,A
2NOX,A
2NP9,A
2NPX,A
2NQT,A
2NQX,A
2NRD,A
2NSD,A
2NSE,A
2NSI,A
2NTJ,A
2NTN,A
2NTV,A
2NUK,A
2NUM,A
2NV6,A
2NVB,A
2NVC,A
2NVD,A
2NVE,A
2NVF,A
2NVG,A
2NVK,A
2NVL,A
2NW7,A
2NW8,A
2NW9,A
2NWF,A
2NYA,A
2NYB,A
2NZ5,A
2NZA,A
2NZL,A
2O01,A
2O23,A
2O2P,A
2O2Q,A
2O2R,A
2O2S,A
2O2Y,A
2O3J,A
2O48,A
2O4C,A
2O4D,A
2O4U,A
2O50,A
2O60,A
2O7P,A
2O7Q,A
2O7S,A
2O86,A
2O8V,A
2O9Z,A
2OA1,A
2OAL,A
2OAM,A
2OBC,A
2OBI,A
2OBY,A
2OCC,A
2ODX,A
2OFM,A
2OFP,A
2OFR,A
2OG5,A
2OG6,A
2OG7,A
2OHH,A
2OHI,A
2OHJ,A
2OHX,A
2OIP,A
2OIZ,A
2OJV,A
2OJY,A
2OK4,A
2OK6,A
2OK7,A
2OK8,A
2OL4,A
2ONM,A
2ONN,A
2ONO,A
2ONP,A
2OO5,A
2OOR,A
2OOS,A
2OOV,A
2OP0,A
2OP1,A
2OPX,A
2OQ2,A
2OQ6,A
2OQE,A
2ORO,A
2ORP,A
2ORQ,A
2ORR,A
2ORS,A
2ORT,A
2OS2,A
2OT4,A
2OT7,A
2OUI,A
2OUW,A
2OX0,A
2OXI,A
2OYE,A
2OYO,A
2OYU,A
2OZ0,A
2OZ1,A
2OZL,A
2OZN,A
2OZP,A
2P0M,A
2P2S,A
2P31,A
2P3X,A
2P4H,A
2P4K,A
2P4Q,A
2P4T,A
2P5B,A
2P5N,A
2P5Q,A
2P5R,A
2P68,A
2P80,A
2P85,A
2P91,A
2P9C,A
2P9E,A
2P9G,A
2PA3,A
2PAH,A
2PAL,A
2PCB,A
2PCC,A
2PCD,A
2PD3,A
2PD4,A
2PD5,A
2PD6,A
2PD9,A
2PDA,A
2PDB,A
2PDC,A
2PDF,A
2PDG,A
2PDH,A
2PDI,A
2PDJ,A
2PDK,A
2PDL,A
2PDM,A
2PDN,A
2PDP,A
2PDQ,A
2PDU,A
2PDW,A
2PDX,A
2PDY,A
2PES,A
2PEV,A
2PF8,A
2PFG,A
2PFH,A
2PFX,A
2PG0,A
2PG5,A
2PG6,A
2PG7,A
2PG8,A
2PGD,A
2PH3,A
2PHD,A
2PHH,A
2PHM,A
2PK3,A
2PKQ,A
2PKR,A
2PLA,A
2PLC,A
2PN8,A
2PNC,A
2PNF,A
2POQ,A
2PP7,A
2PP8,A
2PP9,A
2PPA,A
2PPC,A
2PPD,A
2PPE,A
2PPF,A
2PPT,A
2PQ4,A
2PR2,A
2PRH,A
2PRL,A
2PRM,A
2PRR,A
2PSD,A
2PSE,A
2PSF,A
2PSH,A
2PSJ,A
2PT3,A
2PTG,A
2PU9,A
2PUK,A
2PUM,A
2PUO,A
2PV7,A
2PVB,A
2PVD,A
2PVG,A
2PVO,A
2PW6,A
2PWJ,A
2PWZ,A
2PXJ,A
2PZN,A
2Q0K,A
2Q0L,A
2Q1L,A
2Q2L,A
2Q2Q,A
2Q2V,A
2Q2W,A
2Q32,A
2Q3E,A
2Q3O,A
2Q3R,A
2Q45,A
2Q49,A
2Q4A,A
2Q4E,A
2Q4S,A
2Q4W,A
2Q50,A
2Q62,A
2Q6B,A
2Q6C,A
2Q6N,A
2Q7Q,A
2Q7V,A
2Q85,A
2Q8C,A
2Q8D,A
2Q8E,A
2Q99,A
2Q9F,A
2Q9G,A
2Q9O,A
2QA1,A
2QA2,A
2QAE,A
2QBL,A
2QBM,A
2QBN,A
2QBO,A
2QCU,A
2QE0,A
2QFV,A
2QFW,A
2QFX,A
2QFY,A
2QG4,A
2QHX,A
2QIO,A
2QJK,A
2QJP,A
2QJY,A
2QK8,A
2QKA,A
2QKC,A
2QKN,A
2QMY,A
2QMZ,A
2QNK,A
2QPD,A
2QPE,A
2QPK,A
2QPM,A
2QPP,A
2QQ5,A
2QQR,A
2QQS,A
2QQT,A
2QR2,A
2QRB,A
2QRJ,A
2QRK,A
2QRL,A
2QT6,A
2QT8,A
2QTA,A
2QTC,A
2QTL,A
2QTZ,A
2QW8,A
2QWX,A
2QX4,A
2QX6,A
2QX7,A
2QX8,A
2QX9,A
2QXW,A
2QYS,A
2QYT,A
2QZ9,A
2QZZ,A
2R00,A
2R0M,A
2R0N,A
2R1R,A
2R24,A
2R27,A
2R2F,A
2R2G,A
2R37,A
2R45,A
2R46,A
2R4E,A
2R4F,A
2R4J,A
2R5L,A
2R5V,A
2R6H,A
2R6J,A
2R96,A
2R97,A
2R9R,A
2R9Z,A
2RAA,A
2RAB,A
2RAF,A
2RBE,A
2RBT,A
2RBU,A
2RBV,A
2RBW,A
2RBX,A
2RBY,A
2RBZ,A
2RC0,A
2RC1,A
2RC2,A
2RC5,A
2RC6,A
2RCC,A
2RCV,A
2RCY,A
2RDN,A
2RDQ,A
2RDR,A
2RDS,A
2RDT,A
2RDU,A
2RDW,A
2RDZ,A
2REH,A
2REM,A
2RF7,A
2RFB,A
2RFC,A
2RFQ,A
2RG1,A
2RGH,A
2RGJ,A
2RGO,A
2RGZ,A
2RH2,A
2RH4,A
2RH8,A
2RHC,A
2RHR,A
2RII,A
2RIR,A
2RK1,A
2RK2,A
2RM5,A
2RM6,A
2ROM,A
2SBL,A
2SOD,A
2TMD,A
2TMG,A
2TOH,A
2TPR,A
2UUQ,A
2UVD,A
2UVN,A
2UW1,A
2UW2,A
2UWH,A
2UX1,A
2UXN,A
2UXQ,A
2UXR,A
2UXW,A
2UXX,A
2UYY,A
2UZA,A
2UZZ,A
2V0A,A
2V15,A
2V1D,A
2V1M,A
2V1S,A
2V1T,A
2V23,A
2V27,A
2V28,A
2V2E,A
2V2G,A
2V32,A
2V3A,A
2V3B,A
2V3V,A
2V41,A
2V45,A
2V4J,A
2V5F,A
2V5Z,A
2V60,A
2V61,A
2V65,A
2V6B,A
2V6F,A
2V6G,A
2V6M,A
2V6O,A
2V7P,A
2V8T,A
2V8U,A
2VAO,A
2VAU,A
2VBB,A
2VBD,A
2VBP,A
2VCF,A
2VCK,A
2VCL,A
2VCM,A
2VCN,A
2VCS,A
2VCY,A
2VD7,A
2VDC,A
2VDD,A
2VDE,A
2VDG,A
2VE1,A
2VE3,A
2VE4,A
2VFR,A
2VFS,A
2VFT,A
2VFU,A
2VFV,A
2VGR,A
2VHD,A
2VHV,A
2VHW,A
2VHX,A
2VHY,A
2VHZ,A
2VIG,A
2VIM,A
2VKA,A
2VKU,A
2VL2,A
2VL3,A
2VL9,A
2VLE,A
2VLT,A
2VLU,A
2VLV,A
2VM1,A
2VM2,A
2VN0,A
2VNA,A
2VNH,A
2VNI,A
2VNJ,A
2VNK,A
2VOE,A
2VOJ,A
2VOU,A
2VR0,A
2VR6,A
2VR7,A
2VR8,A
2VRL,A
2VRM,A
2VRO,A
2VUP,A
2VUX,A
2VVL,A
2VVM,A
2VW4,A
2VW6,A
2VW7,A
2VWG,A
2VWH,A
2VWP,A
2VWQ,A
2VXH,A
2VXI,A
2VXS,A
2VYN,A
2VYQ,A
2VYV,A
2VZ0,A
2VZ1,A
2VZ2,A
2VZ3,A
2VZ7,A
2VZL,A
2VZM,A
2W09,A
2W0A,A
2W0B,A
2W0H,A
2W0Q,A
2W0U,A
2W0X,A
2W1Q,A
2W1S,A
2W1U,A
2W23,A
2W2I,A
2W3A,A
2W3B,A
2W3M,A
2W3R,A
2W3S,A
2W3V,A
2W3W,A
2W4Q,A
2W54,A
2W55,A
2W7W,A
2W8N,A
2W8O,A
2W8P,A
2W8Q,A
2W8R,A
2W8Z,A
2W90,A
2W98,A
2W9G,A
2W9H,A
2W9R,A
2W9S,A
2W9T,A
2WA3,A
2WA4,A
2WBA,A
2WBI,A
2WBO,A
2WBP,A
2WBQ,A
2WD4,A
2WD7,A
2WD8,A
2WDB,A
2WDQ,A
2WDR,A
2WDV,A
2WDW,A
2WDZ,A
2WE7,A
2WE8,A
2WEK,A
2WFC,A
2WGH,A
2WGQ,A
2WGR,A
2WGY,A
2WH8,A
2WHD,A
2WHF,A
2WHW,A
2WI9,A
2WIO,A
2WJ3,A
2WJ4,A
2WJ6,A
2WKO,A
2WLU,A
2WM2,A
2WM4,A
2WM5,A
2WME,A
2WMZ,A
2WO0,A
2WO7,A
2WOF,A
2WOH,A
2WOI,A
2WOV,A
2WOW,A
2WOX,A
2WP5,A
2WP6,A
2WP9,A
2WPC,A
2WPE,A
2WPF,A
2WPN,A
2WQ8,A
2WQY,A
2WS3,A
2WSB,A
2WSC,A
2WSD,A
2WSE,A
2WSF,A
2WTL,A
2WU2,A
2WU5,A
2WUZ,A
2WV2,A
2WV8,A
2WWN,A
2WWO,A
2WWR,A
2WWU,A
2WX2,A
2WYT,A
2WYU,A
2WYV,A
2WYW,A
2WYZ,A
2WZ0,A
2WZ5,A
2WZ6,A
2WZV,A
2WZW,A
2X06,A
2X07,A
2X08,A
2X0I,A
2X0J,A
2X0L,A
2X0N,A
2X0R,A
2X0X,A
2X1H,A
2X22,A
2X23,A
2X2N,A
2X3U,A
2X50,A
2X58,A
2X5J,A
2X5K,A
2X5L,A
2X5W,A
2X7H,A
2X7Y,A
2X80,A
2X8C,A
2X8G,A
2X8H,A
2X8L,A
2X99,A
2X9G,A
2X9I,A
2X9J,A
2X9N,A
2X9O,A
2X9V,A
2XAA,A
2XAF,A
2XAG,A
2XAH,A
2XAJ,A
2XAK,A
2XAP,A
2XAQ,A
2XAS,A
2XAV,A
2XAW,A
2XAX,A
2XAY,A
2XAZ,A
2XBI,A
2XBQ,A
2XC2,A
2XC3,A
2XCG,A
2XDP,A
2XDQ,A
2XDR,A
2XDV,A
2XF2,A
2XF8,A
2XFH,A
2XFN,A
2XFO,A
2XFP,A
2XFQ,A
2XFU,A
2XHF,A
2XI6,A
2XIF,A
2XIH,A
2XIL,A
2XJ5,A
2XJ6,A
2XJ8,A
2XJH,A
2XJI,A
2XJK,A
2XJL,A
2XJM,A
2XJN,A
2XJO,A
2XKQ,A
2XKR,A
2XLL,A
2XLP,A
2XLR,A
2XLS,A
2XLT,A
2XLU,A
2XML,A
2XMN,A
2XN8,A
2XNC,A
2XNJ,A
2XO4,A
2XO5,A
2XOF,A
2XOX,A
2XPE,A
2XPI,A
2XQ1,A
2XR8,A
2XRX,A
2XSE,A
2XSH,A
2XSJ,A
2XSN,A
2XSO,A
2XTS,A
2XU9,A
2XUE,A
2XUM,A
2XUW,A
2XVB,A
2XVE,A
2XVF,A
2XVH,A
2XVI,A
2XVJ,A
2XWZ,A
2XX0,A
2XX1,A
2XXB,A
2XXJ,A
2XXZ,A
2XYB,A
2XZ0,A
2XZ1,A
2Y0C,A
2Y0D,A
2Y0E,A
2Y0F,A
2Y0I,A
2Y1A,A
2Y1C,A
2Y1D,A
2Y1E,A
2Y1F,A
2Y1G,A
2Y33,A
2Y34,A
2Y37,A
2Y3Q,A
2Y3Z,A
2Y40,A
2Y41,A
2Y42,A
2Y46,A
2Y48,A
2Y4D,A
2Y4E,A
2Y4F,A
2Y5A,A
2Y5N,A
2Y5Z,A
2Y60,A
2Y69,A
2Y6A,A
2Y6B,A
2Y6F,A
2Y73,A
2Y74,A
2Y93,A
2Y98,A
2Y99,A
2Y9W,A
2Y9X,A
2YAE,A
2YAF,A
2YAH,A
2YAM,A
2YAO,A
2YAP,A
2YAQ,A
2YAR,A
2YAU,A
2YAV,A
2YAW,A
2YAX,A
2YBB,A
2YBK,A
2YBP,A
2YBS,A
2YC0,A
2YCA,A
2YCG,A
2YDE,A
2YEV,A
2YFH,A
2YFI,A
2YFJ,A
2YFL,A
2YFQ,A
2YG3,A
2YG4,A
2YG5,A
2YG6,A
2YG7,A
2YGX,A
2YHI,A
2YHU,A
2YIU,A
2YIV,A
2YJZ,A
2YLJ,A
2YLR,A
2YLS,A
2YLT,A
2YLW,A
2YLX,A
2YLZ,A
2YM1,A
2YM2,A
2YMW,A
2YNM,A
2YNX,A
2YOI,A
2YOR,A
2YOW,A
2YOX,A
2YOY,A
2YP1,A
2YPD,A
2YPM,A
2YQ8,A
2YQB,A
2YQE,A
2YQU,A
2YR4,A
2YR5,A
2YR6,A
2YU1,A
2YU2,A
2YV3,A
2YVF,A
2YVG,A
2YVJ,A
2YVS,A
2YW6,A
2YW7,A
2YW9,A
2YX9,A
2YY7,A
2YYG,A
2YYI,A
2YYJ,A
2YYK,A
2YYL,A
2YYM,A
2YYY,A
2YZ7,A
2YZB,A
2YZC,A
2YZD,A
2YZE,A
2YZH,A
2Z1Q,A
2Z36,A
2Z3T,A
2Z3U,A
2Z3Y,A
2Z5L,A
2Z5U,A
2Z5X,A
2Z5Y,A
2Z5Z,A
2Z68,A
2Z6I,A
2Z6J,A
2Z6M,A
2Z7U,A
2Z7W,A
2Z7Y,A
2Z7Z,A
2Z8Y,A
2Z97,A
2Z9S,A
2ZAF,A
2ZAT,A
2ZAW,A
2ZAX,A
2ZB3,A
2ZB4,A
2ZB7,A
2ZB8,A
2ZBW,A
2ZBX,A
2ZBY,A
2ZBZ,A
2ZCT,A
2ZCU,A
2ZCV,A
2ZDO,A
2ZDP,A
2ZFA,A
2ZI8,A
2ZK7,A
2ZKA,A
2ZKB,A
2ZKW,A
2ZKX,A
2ZKY,A
2ZL8,A
2ZLF,A
2ZLG,A
2ZMX,A
2ZMY,A
2ZMZ,A
2ZO5,A
2ZON,A
2ZOO,A
2ZOW,A
2ZQJ,A
2ZQX,A
2ZQY,A
2ZQZ,A
2ZT9,A
2ZTL,A
2ZTM,A
2ZTU,A
2ZTV,A
2ZTW,A
2ZUH,A
2ZUI,A
2ZUJ,A
2ZUP,A
2ZUQ,A
2ZVU,A
2ZWD,A
2ZWE,A
2ZWF,A
2ZWG,A
2ZWT,A
2ZWU,A
2ZXK,A
2ZXL,A
2ZXW,A
2ZYA,A
2ZYD,A
2ZYG,A
2ZYL,A
2ZYQ,A
2ZZ0,A
2ZZA,A
2ZZB,A
2ZZC,A
3A06,A
3A0B,A
3A0H,A
3A14,A
3A1F,A
3A1N,A
3A28,A
3A2V,A
3A2W,A
3A2X,A
3A4G,A
3A4H,A
3A4V,A
3A4Z,A
3A50,A
3A51,A
3A5W,A
3A68,A
3A7A,A
3A7R,A
3A8R,A
3A9G,A
3A9H,A
3A9Q,A
3A9W,A
3AB1,A
3ABA,A
3ABB,A
3ABG,A
3ABI,A
3ABK,A
3ABL,A
3ABM,A
3ABT,A
3ABU,A
3ABV,A
3ACL,A
3AD7,A
3AD8,A
3AD9,A
3ADA,A
3ADO,A
3ADP,A
3AE1,A
3AE2,A
3AE3,A
3AE4,A
3AE5,A
3AE6,A
3AE7,A
3AE8,A
3AE9,A
3AEA,A
3AEB,A
3AEC,A
3AED,A
3AEE,A
3AEF,A
3AEG,A
3AEK,A
3AEQ,A
3AER,A
3AES,A
3AET,A
3AEU,A
3AFE,A
3AFF,A
3AFM,A
3AFN,A
3AFV,A
3AG1,A
3AG2,A
3AG3,A
3AG4,A
3AGA,A
3AGB,A
3AGC,A
3AH3,A
3AHQ,A
3AHR,A
3AI1,A
3AI2,A
3AI3,A
3AJG,A
3AJH,A
3AJO,A
3AJP,A
3AJQ,A
3AJR,A
3AK1,A
3AK2,A
3AK3,A
3AK8,A
3AK9,A
3AL5,A
3AL6,A
3ALA,A
3ALJ,A
3ALL,A
3ALM,A
3AM3,A
3AM4,A
3AM5,A
3AM9,A
3AMO,A
3AMZ,A
3AN1,A
3ANL,A
3ANM,A
3ANN,A
3AOE,A
3AOG,A
3AON,A
3AOP,A
3APO,A
3APQ,A
3APS,A
3APT,A
3APY,A
3ASJ,A
3ASN,A
3ASO,A
3ASU,A
3ATJ,A
3AU8,A
3AU9,A
3AUA,A
3AUS,A
3AUT,A
3AUU,A
3AVR,A
3AVS,A
3AW5,A
3AWI,A
3AWM,A
3AWP,A
3AWQ,A
3AWR,A
3AWS,A
3AWT,A
3AWU,A
3AWV,A
3AWW,A
3AWX,A
3AWY,A
3AWZ,A
3AX0,A
3AX2,A
3AX3,A
3AX5,A
3AX7,A
3AX9,A
3AY6,A
3AY7,A
3AYI,A
3AYJ,A
3AYL,A
3AYX,A
3AYY,A
3AYZ,A
3AZC,A
3B0G,A
3B0H,A
3B0J,A
3B0L,A
3B0M,A
3B0N,A
3B0P,A
3B0U,A
3B0V,A
3B1F,A
3B3D,A
3B3M,A
3B3N,A
3B3O,A
3B3P,A
3B3R,A
3B4W,A
3B4Y,A
3B51,A
3B52,A
3B53,A
3B6D,A
3B6I,A
3B6J,A
3B6K,A
3B6M,A
3B6Z,A
3B70,A
3B96,A
3B9J,A
3B9N,A
3B9O,A
3BA1,A
3BAL,A
3BAZ,A
3BB0,A
3BCC,A
3BCJ,A
3BDJ,A
3BDZ,A
3BE0,A
3BEM,A
3BEN,A
3BFJ,A
3BFR,A
3BG6,A
3BG7,A
3BGL,A
3BHF,A
3BHI,A
3BHJ,A
3BHK,A
3BHM,A
3BI2,A
3BI3,A
3BI4,A
3BI5,A
3BIE,A
3BIO,A
3BJP,A
3BK8,A
3BK9,A
3BKN,A
3BKZ,A
3BLV,A
3BLW,A
3BLX,A
3BLY,A
3BNB,A
3BNC,A
3BND,A
3BNE,A
3BNF,A
3BNG,A
3BNH,A
3BNJ,A
3BNM,A
3BNU,A
3BO9,A
3BP1,A
3BPK,A
3BQE,A
3BQF,A
3BQG,A
3BQH,A
3BTO,A
3BTX,A
3BTY,A
3BTZ,A
3BU0,A
3BU7,A
3BUC,A
3BUR,A
3BUV,A
3BV7,A
3BVD,A
3BVE,A
3BVF,A
3BVI,A
3BVK,A
3BVL,A
3BW2,A
3BW3,A
3BW4,A
3BW7,A
3BXD,A
3BXI,A
3BXV,A
3BXX,A
3BYZ,A
3BZA,A
3BZU,A
3C0P,A
3C1L,A
3C1R,A
3C1S,A
3C1T,A
3C3N,A
3C3S,A
3C3T,A
3C3X,A
3C4A,A
3C61,A
3C6G,A
3C75,A
3C76,A
3C77,A
3C78,A
3C7A,A
3C7C,A
3C7D,A
3C8E,A
3C8F,A
3C8N,A
3C8Y,A
3CAQ,A
3CAS,A
3CAV,A
3CB0,A
3CB8,A
3CBD,A
3CCP,A
3CCT,A
3CCW,A
3CCX,A
3CCZ,A
3CD0,A
3CD2,A
3CD5,A
3CD7,A
3CDA,A
3CDB,A
3CE1,A
3CEA,A
3CEI,A
3CEZ,A
3CF4,A
3CG8,A
3CH6,A
3CIF,A
3CIR,A
3CIW,A
3CIX,A
3CKS,A
3CKU,A
3CKY,A
3CL9,A
3CLB,A
3CMC,A
3CMF,A
3CMI,A
3CN8,A
3CND,A
3CNJ,A
3CNP,A
3CNS,A
3CNT,A
3COS,A
3COT,A
3COX,A
3CP2,A
3CP4,A
3CP8,A
3CPP,A
3CPS,A
3CQN,A
3CQP,A
3CQQ,A
3CQR,A
3CSD,A
3CSE,A
3CTF,A
3CTG,A
3CTM,A
3CUK,A
3CUR,A
3CUS,A
3CV7,A
3CV8,A
3CV9,A
3CVN,A
3CWB,A
3CWZ,A
3CX5,A
3CXH,A
3CXK,A
3CXR,A
3CXV,A
3CXX,A
3CXY,A
3CXZ,A
3CY0,A
3CY1,A
3CYI,A
3CYN,A
3CZH,A
3CZM,A
3CZR,A
3CZY,A
3D0O,A
3D1I,A
3D2D,A
3D2H,A
3D2J,A
3D3E,A
3D3F,A
3D3L,A
3D3W,A
3D4N,A
3D4P,A
3D5Q,A
3D5T,A
3D6B,A
3D80,A
3D84,A
3D8C,A
3D8X,A
3D9D,A
3D9E,A
3D9F,A
3D9G,A
3DA1,A
3DAF,A
3DAG,A
3DAP,A
3DAT,A
3DAU,A
3DAX,A
3DBG,A
3DBV,A
3DC2,A
3DC5,A
3DC6,A
3DDN,A
3DEY,A
3DFR,A
3DFZ,A
3DG8,A
3DGA,A
3DGH,A
3DGI,A
3DGZ,A
3DH9,A
3DHE,A
3DHG,A
3DHH,A
3DHI,A
3DHZ,A
3DIV,A
3DJG,A
3DJJ,A
3DJL,A
3DK4,A
3DK8,A
3DK9,A
3DKH,A
3DKQ,A
3DKS,A
3DL5,A
3DL6,A
3DL9,A
3DML,A
3DMR,A
3DMS,A
3DMT,A
3DN5,A
3DNF,A
3DOC,A
3DOJ,A
3DON,A
3DOO,A
3DOP,A
3DQ0,A
3DQR,A
3DQS,A
3DQT,A
3DR3,A
3DRC,A
3DRN,A
3DTU,A
3DUF,A
3DV0,A
3DVA,A
3DWF,A
3DWJ,A
3DWR,A
3DWS,A
3DWV,A
3DXT,A
3DXU,A
3DY5,A
3DZB,A
3E08,A
3E0B,A
3E0M,A
3E0O,A
3E0U,A
3E1J,A
3E1L,A
3E1M,A
3E1N,A
3E1O,A
3E1P,A
3E1Q,A
3E2C,A
3E2H,A
3E2N,A
3E2O,A
3E2Q,A
3E2R,A
3E2S,A
3E2T,A
3E3A,A
3E4E,A
3E4W,A
3E4Y,A
3E5R,A
3E65,A
3E67,A
3E68,A
3E6A,A
3E6I,A
3E6L,A
3E6N,A
3E6O,A
3E6R,A
3E6S,A
3E6T,A
3E7G,A
3E7I,A
3E7M,A
3E7S,A
3E7T,A
3E8J,A
3E99,A
3E9J,A
3E9N,A
3EAH,A
3EAI,A
3EAN,A
3EAO,A
3EAU,A
3EB3,A
3EB4,A
3EBD,A
3EBF,A
3EBS,A
3EC7,A
3ECJ,A
3ECK,A
3ECU,A
3ECV,A
3ECW,A
3EF6,A
3EFV,A
3EGM,A
3EGO,A
3EGW,A
3EH3,A
3EH4,A
3EH5,A
3EHB,A
3EIG,A
3EJ6,A
3EJ8,A
3EJB,A
3EJD,A
3EJE,A
3EJO,A
3EK1,A
3EK2,A
3EKB,A
3EKD,A
3EKF,A
3EL3,A
3ELN,A
3EMP,A
3EMR,A
3EN1,A
3EOM,A
3EON,A
3EQE,A
3EQM,A
3EQQ,A
3ERH,A
3ERI,A
3ERY,A
3ERZ,A
3ES3,A
3ES9,A
3ESF,A
3ETD,A
3ETE,A
3ETF,A
3ETG,A
3EUB,A
3EUW,A
3EVK,A
3EVT,A
3EX8,A
3EXB,A
3EXE,A
3EXF,A
3EXG,A
3EXH,A
3EXI,A
3EY4,A
3EY9,A
3EYA,A
3EZL,A
3F03,A
3F0B,A
3F0I,A
3F0L,A
3F0M,A
3F0Q,A
3F0S,A
3F0U,A
3F0V,A
3F0X,A
3F1K,A
3F1L,A
3F1Q,A
3F29,A
3F2M,A
3F3S,A
3F46,A
3F47,A
3F4B,A
3F4L,A
3F5Q,A
3F7J,A
3F7K,A
3F7L,A
3F7T,A
3F8D,A
3F8P,A
3F8R,A
3F8Y,A
3F8Z,A
3F91,A
3F9I,A
3F9P,A
3FAH,A
3FAQ,A
3FBT,A
3FC4,A
3FC5,A
3FCJ,A
3FCO,A
3FDY,A
3FE5,A
3FFS,A
3FG1,A
3FG2,A
3FG3,A
3FG4,A
3FGC,A
3FIM,A
3FJ6,A
3FJL,A
3FJO,A
3FJW,A
3FKF,A
3FKG,A
3FL8,A
3FL9,A
3FLK,A
3FLL,A
3FM1,A
3FM4,A
3FM6,A
3FMU,A
3FMX,A
3FN4,A
3FNE,A
3FNF,A
3FNG,A
3FNH,A
3FNI,A
3FNL,A
3FO3,A
3FPC,A
3FPK,A
3FPL,A
3FPX,A
3FQ0,A
3FQC,A
3FQF,A
3FQO,A
3FQV,A
3FQZ,A
3FR7,A
3FR8,A
3FRA,A
3FRB,A
3FRD,A
3FRE,A
3FRF,A
3FRJ,A
3FS6,A
3FSR,A
3FST,A
3FSU,A
3FTN,A
3FTP,A
3FU7,A
3FU8,A
3FU9,A
3FVB,A
3FW1,A
3FW7,A
3FW8,A
3FW9,A
3FWA,A
3FWF,A
3FWG,A
3FWI,A
3FWJ,A
3FWN,A
3FWY,A
3FX4,A
3FY8,A
3FY9,A
3FYE,A
3FYI,A
3FYV,A
3FYW,A
3G0U,A
3G0X,A
3G17,A
3G1Q,A
3G1R,A
3G3E,A
3G49,A
3G4X,A
3G4Z,A
3G50,A
3G5E,A
3G5F,A
3G5H,A
3G5M,A
3G5N,A
3G79,A
3G7D,A
3G93,A
3GA0,A
3GAF,A
3GAM,A
3GAS,A
3GB5,A
3GBF,A
3GC1,A
3GCJ,A
3GCK,A
3GCL,A
3GD3,A
3GD4,A
3GDC,A
3GDF,A
3GDG,A
3GDO,A
3GE3,A
3GE8,A
3GEO,A
3GFB,A
3GFD,A
3GFG,A
3GFQ,A
3GFR,A
3GFS,A
3GG2,A
3GG9,A
3GH8,A
3GHC,A
3GHQ,A
3GHR,A
3GHS,A
3GHT,A
3GHU,A
3GHV,A
3GHW,A
3GHY,A
3GI2,A
3GIY,A
3GK3,A
3GKK,A
3GKM,A
3GKN,A
3GKO,A
3GL6,A
3GM6,A
3GMD,A
3GNC,A
3GNQ,A
3GNS,A
3GNT,A
3GOF,A
3GPD,A
3GPH,A
3GQF,A
3GQT,A
3GQV,A
3GR6,A
3GR7,A
3GR8,A
3GRK,A
3GRS,A
3GRT,A
3GSI,A
3GSY,A
3GT0,A
3GTT,A
3GTV,A
3GUG,A
3GVC,A
3GVH,A
3GVI,A
3GVX,A
3GVY,A
3GW9,A
3GWD,A
3GWF,A
3GWL,A
3GWN,A
3GX0,A
3GYE,A
3GYF,A
3GYI,A
3GYJ,A
3GYR,A
3GYX,A
3GZ3,A
3GZ4,A
3GZO,A
3GZP,A
3GZQ,A
3GZX,A
3GZY,A
3H1H,A
3H1I,A
3H1J,A
3H1K,A
3H1L,A
3H1S,A
3H2P,A
3H2Q,A
3H2Z,A
3H3F,A
3H3J,A
3H3X,A
3H4F,A
3H4G,A
3H4H,A
3H4K,A
3H4V,A
3H56,A
3H65,A
3H6K,A
3H7R,A
3H7U,A
3H87,A
3H8I,A
3H8L,A
3H8O,A
3H8Q,A
3H8R,A
3H8X,A
3H9E,A
3HAD,A
3HAZ,A
3HB3,A
3HB4,A
3HB5,A
3HB6,A
3HBB,A
3HBG,A
3HBP,A
3HBQ,A
3HCG,A
3HCH,A
3HCI,A
3HCJ,A
3HDH,A
3HDL,A
3HF1,A
3HF2,A
3HF3,A
3HF6,A
3HF8,A
3HFB,A
3HFF,A
3HFG,A
3HFS,A
3HGI,A
3HGJ,A
3HGO,A
3HGR,A
3HGS,A
3HHP,A
3HHS,A
3HHX,A
3HHY,A
3HI7,A
3HIG,A
3HII,A
3HJ8,A
3HJA,A
3HJP,A
3HJQ,A
3HJS,A
3HKP,A
3HLX,A
3HML,A
3HN2,A
3HNC,A
3HND,A
3HNE,A
3HNF,A
3HNH,A
3HNP,A
3HOG,A
3HOK,A
3HPV,A
3HPY,A
3HQ0,A
3HQ4,A
3HQ6,A
3HQ7,A
3HQ8,A
3HQ9,A
3HQR,A
3HQU,A
3HR4,A
3HRD,A
3HS5,A
3HS6,A
3HS7,A
3HSK,A
3HSN,A
3HSO,A
3HSP,A
3HSS,A
3HSU,A
3HUD,A
3HW7,A
3HWC,A
3HWR,A
3HX9,A
3HY2,A
3HY8,A
3HYS,A
3HYV,A
3HYW,A
3HYX,A
3HZN,A
3HZO,A
3HZZ,A
3I01,A
3I04,A
3I1J,A
3I2O,A
3I39,A
3I3M,A
3I3Q,A
3I49,A
3I4C,A
3I4V,A
3I4Y,A
3I51,A
3I52,A
3I5J,A
3I5M,A
3I63,A
3I65,A
3I68,A
3I6D,A
3I6I,A
3I6N,A
3I6Q,A
3I6R,A
3I83,A
3I8A,A
3I8U,A
3I94,A
3I95,A
3I99,A
3I9T,A
3I9U,A
3I9V,A
3IA4,A
3IA5,A
3IAM,A
3IAS,A
3IBD,A
3IBT,A
3ICD,A
3IDS,A
3IEP,A
3IER,A
3IES,A
3IF9,A
3IHG,A
3II4,A
3II9,A
3IIE,A
3IIX,A
3IIZ,A
3IJD,A
3IJP,A
3INJ,A
3INL,A
3INM,A
3INV,A
3IQD,A
3IQE,A
3IQF,A
3IQZ,A
3IR5,A
3IR6,A
3IR7,A
3IRM,A
3IRN,A
3IRO,A
3IS3,A
3IS7,A
3IS8,A
3ISE,A
3ISF,A
3ISH,A
3ISQ,A
3ITD,A
3ITG,A
3ITJ,A
3ITK,A
3IV7,A
3IVY,A
3IW0,A
3IW1,A
3IW2,A
3IWA,A
3IWJ,A
3IWK,A
3IX9,A
3IXR,A
3J6X,A
3J6Y,A
3J77,A
3J78,A
3J7B,A
3JCU,A
3JCZ,A
3JD0,A
3JD1,A
3JD2,A
3JD3,A
3JD4,A
3JQ6,A
3JQ7,A
3JQ8,A
3JQ9,A
3JQA,A
3JQB,A
3JQC,A
3JQD,A
3JQE,A
3JQF,A
3JQG,A
3JQP,A
3JQQ,A
3JQR,A
3JS4,A
3JS8,A
3JSU,A
3JSX,A
3JT3,A
3JT4,A
3JT5,A
3JT6,A
3JT7,A
3JT8,A
3JT9,A
3JTA,A
3JTM,A
3JU8,A
3JUS,A
3JUV,A
3JV7,A
3JVX,A
3JW3,A
3JW5,A
3JWC,A
3JWF,A
3JWK,A
3JWM,A
3JWS,A
3JWT,A
3JWU,A
3JWV,A
3JWW,A
3JWX,A
3JWY,A
3JWZ,A
3JX0,A
3JX1,A
3JX2,A
3JX3,A
3JX4,A
3JX5,A
3JX6,A
3JYL,A
3JYN,A
3JYO,A
3JYP,A
3JYQ,A
3JZ4,A
3K1A,A
3K1O,A
3K2B,A
3K2E,A
3K2O,A
3K2W,A
3K31,A
3K3N,A
3K3O,A
3K45,A
3K47,A
3K4B,A
3K4C,A
3K4F,A
3K4J,A
3K4K,A
3K4L,A
3K4M,A
3K4N,A
3K5P,A
3K5T,A
3K73,A
3K74,A
3K7M,A
3K7Q,A
3K7T,A
3K86,A
3K87,A
3K88,A
3K8T,A
3K8Z,A
3K91,A
3K92,A
3K96,A
3K9Q,A
3K9S,A
3K9V,A
3K9Y,A
3KA3,A
3KA4,A
3KA6,A
3KA8,A
3KA9,A
3KB6,A
3KBE,A
3KBF,A
3KBO,A
3KCX,A
3KCY,A
3KD9,A
3KE8,A
3KE9,A
3KEB,A
3KEF,A
3KEG,A
3KEL,A
3KEM,A
3KFY,A
3KH3,A
3KH4,A
3KH5,A
3KHB,A
3KHC,A
3KHJ,A
3KHM,A
3KHP,A
3KHU,A
3KII,A
3KIJ,A
3KJM,A
3KJS,A
3KK6,A
3KKY,A
3KLJ,A
3KLM,A
3KLP,A
3KM0,A
3KM1,A
3KM2,A
3KN4,A
3KO6,A
3KOH,A
3KP8,A
3KP9,A
3KPF,A
3KPK,A
3KPX,A
3KQI,A
3KRB,A
3KRK,A
3KRQ,A
3KRU,A
3KS0,A
3KSD,A
3KSF,A
3KSG,A
3KSH,A
3KSI,A
3KSW,A
3KSZ,A
3KT1,A
3KT4,A
3KT7,A
3KU9,A
3KV3,A
3KV4,A
3KV5,A
3KV6,A
3KV9,A
3KVA,A
3KVB,A
3KVE,A
3KVJ,A
3KVK,A
3KVL,A
3KVM,A
3KVO,A
3KW4,A
3KW7,A
3KW8,A
3KWO,A
3KX3,A
3KX4,A
3KX5,A
3KZI,A
3KZV,A
3L07,A
3L1R,A
3L1T,A
3L3R,A
3L4D,A
3L4M,A
3L4N,A
3L4O,A
3L4P,A
3L4S,A
3L5L,A
3L5M,A
3L61,A
3L62,A
3L63,A
3L65,A
3L66,A
3L67,A
3L68,A
3L6O,A
3L70,A
3L71,A
3L72,A
3L73,A
3L74,A
3L75,A
3L77,A
3L8K,A
3L8W,A
3L9E,A
3L9G,A
3L9Y,A
3LAD,A
3LB8,A
3LBG,A
3LBO,A
3LC1,A
3LC2,A
3LC4,A
3LC7,A
3LCB,A
3LCM,A
3LD4,A
3LD5,A
3LD6,A
3LD8,A
3LDB,A
3LDH,A
3LEN,A
3LEP,A
3LF5,A
3LFM,A
3LG1,A
3LG4,A
3LGM,A
3LGN,A
3LGQ,A
3LIO,A
3LJ9,A
3LJF,A
3LJP,A
3LKT,A
3LLI,A
3LLK,A
3LLS,A
3LM4,A
3LMX,A
3LN0,A
3LN1,A
3LN3,A
3LNM,A
3LO8,A
3LOV,A
3LOY,A
3LPL,A
3LQ2,A
3LQ4,A
3LQF,A
3LQG,A
3LQK,A
3LQL,A
3LRX,A
3LSH,A
3LSI,A
3LSK,A
3LSM,A
3LSU,A
3LSY,A
3LT0,A
3LT1,A
3LT2,A
3LT4,A
3LT5,A
3LTV,A
3LUT,A
3LVB,A
3LVF,A
3LVY,A
3LW5,A
3LWX,A
3LX4,A
3LXV,A
3LXY,A
3LYL,A
3LZ3,A
3LZ5,A
3LZ6,A
3LZW,A
3LZX,A
3M08,A
3M09,A
3M0I,A
3M0O,A
3M12,A
3M13,A
3M1L,A
3M23,A
3M25,A
3M26,A
3M27,A
3M28,A
3M29,A
3M2A,A
3M2B,A
3M2C,A
3M2D,A
3M2E,A
3M2F,A
3M2G,A
3M2H,A
3M2I,A
3M31,A
3M4H,A
3M4V,A
3M5Q,A
3M64,A
3M6I,A
3M8M,A
3M9C,A
3M9S,A
3MAO,A
3MAP,A
3MAR,A
3MAS,A
3MB9,A
3MBC,A
3MBG,A
3MC5,A
3MCR,A
3MCU,A
3MCV,A
3MDD,A
3MDE,A
3MDL,A
3MDM,A
3MDR,A
3MDS,A
3MDT,A
3MDV,A
3ME6,A
3MFL,A
3MGU,A
3MGX,A
3MH8,A
3MH9,A
3MHA,A
3MHP,A
3MHU,A
3MI1,A
3MI5,A
3MIB,A
3MIC,A
3MID,A
3MIE,A
3MIF,A
3MIG,A
3MIH,A
3MIN,A
3MJC,A
3MJE,A
3MJO,A
3MJS,A
3MJT,A
3MJV,A
3MJY,A
3MK7,A
3MKG,A
3MKH,A
3ML1,A
3MLJ,A
3MLK,A
3MLL,A
3MM1,A
3MM2,A
3MM3,A
3MM5,A
3MM6,A
3MM7,A
3MM8,A
3MM9,A
3MMA,A
3MMB,A
3MMC,A
3MMH,A
3MMO,A
3MND,A
3MNG,A
3MPH,A
3MPI,A
3MPJ,A
3MQE,A
3MS5,A
3MTJ,A
3MV4,A
3MV6,A
3MVF,A
3MVO,A
3MVQ,A
3MVR,A
3MW9,A
3MYR,A
3MZ0,A
3MZS,A
3N0H,A
3N14,A
3N19,A
3N2R,A
3N2S,A
3N2T,A
3N37,A
3N38,A
3N39,A
3N3A,A
3N3B,A
3N5P,A
3N5Q,A
3N5R,A
3N5S,A
3N5T,A
3N5V,A
3N5W,A
3N5X,A
3N5Y,A
3N5Z,A
3N60,A
3N61,A
3N62,A
3N63,A
3N64,A
3N65,A
3N66,A
3N67,A
3N68,A
3N69,A
3N6A,A
3N6B,A
3N6C,A
3N6D,A
3N6E,A
3N6F,A
3N6G,A
3N6Q,A
3N6W,A
3N74,A
3N7U,A
3N80,A
3N81,A
3N82,A
3N83,A
3N8F,A
3N8V,A
3N8W,A
3N8X,A
3N8Y,A
3N8Z,A
3N9H,A
3N9T,A
3N9Y,A
3N9Z,A
3NA0,A
3NA1,A
3NAK,A
3NAQ,A
3NB8,A
3NB9,A
3NBB,A
3NBJ,A
3NC3,A
3NC5,A
3NC6,A
3NC7,A
3NDR,A
3NEP,A
3NFR,A
3NG7,A
3NGC,A
3NGL,A
3NGX,A
3NH3,A
3NHF,A
3NHJ,A
3NHK,A
3NHL,A
3NHO,A
3NHP,A
3NHR,A
3NHS,A
3NHU,A
3NHW,A
3NHY,A
3NIU,A
3NJ8,A
3NJY,A
3NJZ,A
3NK0,A
3NK1,A
3NK2,A
3NKL,A
3NKS,A
3NKT,A
3NL1,A
3NLD,A
3NLE,A
3NLF,A
3NLG,A
3NLH,A
3NLI,A
3NLJ,A
3NLK,A
3NLM,A
3NLN,A
3NLO,A
3NLP,A
3NLQ,A
3NLR,A
3NLT,A
3NLU,A
3NLV,A
3NLW,A
3NLX,A
3NLY,A
3NLZ,A
3NM0,A
3NM8,A
3NN0,A
3NN1,A
3NN2,A
3NN3,A
3NN4,A
3NN6,A
3NNE,A
3NNY,A
3NNZ,A
3NOD,A
3NOS,A
3NOY,A
3NPE,A
3NPL,A
3NPY,A
3NQ0,A
3NQ1,A
3NQ5,A
3NQS,A
3NRC,A
3NRZ,A
3NS1,A
3NSE,A
3NST,A
3NT1,A
3NT2,A
3NT4,A
3NT5,A
3NT6,A
3NTA,A
3NTB,A
3NTD,A
3NTG,A
3NTM,A
3NTO,A
3NTQ,A
3NTR,A
3NTZ,A
3NU0,A
3NUG,A
3NV9,A
3NVC,A
3NVJ,A
3NVV,A
3NVW,A
3NVY,A
3NVZ,A
3NW2,A
3NW4,A
3NWL,A
3NXO,A
3NXR,A
3NXT,A
3NXV,A
3NXX,A
3NXY,A
3NYC,A
3NYE,A
3NYF,A
3NYH,A
3NZ6,A
3NZ9,A
3NZA,A
3NZB,A
3NZC,A
3NZD,A
3O03,A
3O0H,A
3O0K,A
3O0N,A
3O0O,A
3O0Q,A
3O0R,A
3O1A,A
3O1M,A
3O1O,A
3O1P,A
3O1R,A
3O1S,A
3O1T,A
3O1U,A
3O1V,A
3O26,A
3O2G,A
3O2H,A
3O2N,A
3O32,A
3O3R,A
3O4R,A
3O55,A
3O5A,A
3O5U,A
3O6J,A
3O6R,A
3O72,A
3O73,A
3O8A,A
3O8Q,A
3O8Y,A
3OA2,A
3OA8,A
3OAF,A
3OAJ,A
3OBB,A
3OBP,A
3OBZ,A
3OCD,A
3OCH,A
3OD4,A
3OEC,A
3OEQ,A
3OER,A
3OET,A
3OEW,A
3OEY,A
3OF2,A
3OGW,A
3OHS,A
3OIA,A
3OIC,A
3OID,A
3OIF,A
3OIG,A
3OJ0,A
3OJE,A
3OJF,A
3OJJ,A
3OJK,A
3OJN,A
3OJW,A
3OJX,A
3OL5,A
3OLJ,A
3OLT,A
3OLU,A
3OM3,A
3OM9,A
3OMA,A
3OMI,A
3OML,A
3OMN,A
3ONB,A
3ONC,A
3OP4,A
3OPT,A
3OPW,A
3OQ1,A
3OQ6,A
3ORF,A
3ORV,A
3OSU,A
3OT7,A
3OUH,A
3OUI,A
3OUJ,A
3OVM,A
3OWA,A
3OWH,A
3OWM,A
3OWO,A
3OWX,A
3OX1,A
3OX2,A
3OX3,A
3OX4,A
3OZ2,A
3OZU,A
3OZV,A
3OZW,A
3P0K,A
3P0R,A
3P2O,A
3P2V,A
3P2Y,A
3P3N,A
3P3P,A
3P4P,A
3P4Q,A
3P4R,A
3P4S,A
3P4T,A
3P62,A
3P67,A
3P6M,A
3P6N,A
3P6O,A
3P6P,A
3P6Q,A
3P6R,A
3P6S,A
3P6T,A
3P6U,A
3P6V,A
3P6W,A
3P6X,A
3P74,A
3P7M,A
3P7X,A
3P7Y,A
3P80,A
3P81,A
3P82,A
3P84,A
3P8I,A
3P8J,A
3P99,A
3P9F,A
3P9O,A
3P9P,A
3P9Q,A
3P9R,A
3P9S,A
3PAH,A
3PAL,A
3PAW,A
3PCA,A
3PCB,A
3PCC,A
3PCD,A
3PCE,A
3PCF,A
3PCG,A
3PCH,A
3PCI,A
3PCJ,A
3PCK,A
3PCL,A
3PCM,A
3PCN,A
3PCQ,A
3PDJ,A
3PDQ,A
3PER,A
3PF7,A
3PFD,A
3PFT,A
3PFU,A
3PFW,A
3PGH,A
3PGJ,A
3PGX,A
3PHG,A
3PHH,A
3PHI,A
3PHJ,A
3PHL,A
3PHM,A
3PID,A
3PII,A
3PIL,A
3PIM,A
3PIN,A
3PJD,A
3PJE,A
3PJF,A
3PJG,A
3PJK,A
3PK3,A
3PK4,A
3PK5,A
3PK6,A
3PK8,A
3PKF,A
3PKG,A
3PKH,A
3PKK,A
3PKL,A
3PKS,A
3PKT,A
3PKU,A
3PL8,A
3PLE,A
3PLG,A
3PLH,A
3PLI,A
3PLJ,A
3PLM,A
3PLN,A
3PLR,A
3PM0,A
3PM5,A
3PNE,A
3PNF,A
3PNG,A
3PNH,A
3PO7,A
3PP8,A
3PPI,A
3PPS,A
3PQ2,A
3PQ3,A
3PQ4,A
3PQ5,A
3PQ6,A
3PQ7,A
3PQ8,A
3PQA,A
3PQD,A
3PQE,A
3PQF,A
3PRJ,A
3PRL,A
3PSX,A
3PTR,A
3PTZ,A
3PU3,A
3PU7,A
3PU8,A
3PUA,A
3PUS,A
3PVC,A
3PVJ,A
3PVR,A
3PVT,A
3PVY,A
3PW1,A
3PW8,A
3PWK,A
3PWQ,A
3PWS,A
3PWZ,A
3PXL,A
3PXS,A
3PXT,A
3PXW,A
3PXX,A
3PY4,A
3PYL,A
3PYM,A
3PYX,A
3PZB,A
3PZR,A
3PZW,A
3Q08,A
3Q09,A
3Q0E,A
3Q11,A
3Q14,A
3Q1G,A
3Q1H,A
3Q1L,A
3Q2A,A
3Q3C,A
3Q3M,A
3Q3N,A
3Q3O,A
3Q65,A
3Q67,A
3Q6I,A
3Q6J,A
3Q6O,A
3Q7D,A
3Q99,A
3Q9A,A
3Q9K,A
3QAE,A
3QAN,A
3QAU,A
3QB9,A
3QCP,A
3QD8,A
3QD9,A
3QDL,A
3QE2,A
3QE3,A
3QF1,A
3QFA,A
3QFB,A
3QFC,A
3QFR,A
3QFS,A
3QFT,A
3QFX,A
3QG2,A
3QGP,A
3QGT,A
3QH0,A
3QHA,A
3QI8,A
3QJ4,A
3QJ5,A
3QJQ,A
3QJR,A
3QJS,A
3QJT,A
3QJU,A
3QJV,A
3QKZ,A
3QL0,A
3QL3,A
3QL6,A
3QLR,A
3QLS,A
3QLW,A
3QM4,A
3QMO,A
3QMU,A
3QOA,A
3QP9,A
3QPI,A
3QPK,A
3QPM,A
3QQD,A
3QQP,A
3QRW,A
3QSE,A
3QSM,A
3QSS,A
3QU8,A
3QV1,A
3QVN,A
3QVP,A
3QVR,A
3QWA,A
3QWB,A
3QWF,A
3QWH,A
3QWI,A
3QY9,A
3QYA,A
3QYL,A
3QYO,A
3QZ1,A
3QZ3,A
3QZB,A
3QZY,A
3R0I,A
3R18,A
3R19,A
3R1A,A
3R1B,A
3R1J,A
3R1R,A
3R2G,A
3R2H,A
3R2K,A
3R2L,A
3R2M,A
3R2O,A
3R2R,A
3R2S,A
3R31,A
3R33,A
3R3E,A
3R3J,A
3R4X,A
3R55,A
3R5L,A
3R5O,A
3R5P,A
3R5Q,A
3R5R,A
3R5W,A
3R64,A
3R6W,A
3R7C,A
3R8W,A
3R98,A
3R99,A
3R9B,A
3R9C,A
3R9U,A
3RAS,A
3RBC,A
3RDE,A
3RDW,A
3RE0,A
3RE7,A
3RE8,A
3RFB,A
3RFT,A
3RFV,A
3RFX,A
3RG9,A
3RGB,A
3RGD,A
3RGP,A
3RGS,A
3RGW,A
3RH9,A
3RHA,A
3RHD,A
3RHH,A
3RHJ,A
3RHL,A
3RHM,A
3RHO,A
3RHP,A
3RHQ,A
3RHR,A
3RI3,A
3RI7,A
3RIV,A
3RIW,A
3RIX,A
3RJ4,A
3RJ5,A
3RJ8,A
3RJ9,A
3RJA,A
3RJL,A
3RKE,A
3RKH,A
3RKO,A
3RKR,A
3RKU,A
3RLM,A
3RMK,A
3RMZ,A
3RN0,A
3RN1,A
3RN4,A
3RN9,A
3RNA,A
3RNB,A
3RNC,A
3RND,A
3RNE,A
3RNF,A
3RNG,A
3RNM,A
3ROS,A
3RP6,A
3RP7,A
3RP8,A
3RQC,A
3RQJ,A
3RQK,A
3RQL,A
3RQM,A
3RQN,A
3RQO,A
3RQP,A
3RQS,A
3RR3,A
3RRO,A
3RRW,A
3RSH,A
3RSR,A
3RUK,A
3RVD,A
3RVH,A
3RWB,A
3RWL,A
3RX2,A
3RX3,A
3RX4,A
3RZG,A
3RZH,A
3RZJ,A
3RZK,A
3RZL,A
3RZM,A
3RZP,A
3RZZ,A
3S0P,A
3S19,A
3S1C,A
3S1D,A
3S1E,A
3S1F,A
3S33,A
3S38,A
3S39,A
3S3A,A
3S3B,A
3S3C,A
3S3D,A
3S3G,A
3S3V,A
3S4F,A
3S4M,A
3S57,A
3S5A,A
3S5D,A
3S5E,A
3S5F,A
3S5W,A
3S61,A
3S79,A
3S7A,A
3S7S,A
3S7W,A
3S87,A
3S8A,A
3S8B,A
3S8C,A
3S8F,A
3S8G,A
3S8M,A
3S9U,A
3SA1,A
3SA2,A
3SAI,A
3SBC,A
3SBO,A
3SBP,A
3SBQ,A
3SBR,A
3SC6,A
3SCE,A
3SCF,A
3SCG,A
3SCH,A
3SDO,A
3SDP,A
3SE1,A
3SEF,A
3SF6,A
3SFD,A
3SFE,A
3SFK,A
3SFM,A
3SGL,A
3SGY,A
3SGZ,A
3SH2,A
3SH6,A
3SHX,A
3SJ7,A
3SJL,A
3SLE,A
3SLK,A
3SM8,A
3SN5,A
3SOD,A
3SQP,A
3SQR,A
3SQY,A
3SR5,A
3SR6,A
3SRQ,A
3SRR,A
3SRS,A
3SRU,A
3SRW,A
3STH,A
3SVL,A
3SVP,A
3SVQ,A
3SVT,A
3SVW,A
3SWO,A
3SWS,A
3SWZ,A
3SX1,A
3SX6,A
3SXI,A
3SXQ,A
3SXT,A
3SXV,A
3SXX,A
3SY4,A
3SYI,A
3SZ0,A
3SZ9,A
3SZA,A
3SZB,A
3SZC,A
3SZF,A
3SZL,A
3SZO,A
3SZU,A
3SZW,A
3T0F,A
3T0G,A
3T0K,A
3T0U,A
3T14,A
3T2K,A
3T2Y,A
3T2Z,A
3T31,A
3T37,A
3T38,A
3T3J,A
3T3K,A
3T3L,A
3T3Q,A
3T3R,A
3T3S,A
3T3T,A
3T3X,A
3T3Y,A
3T3Z,A
3T42,A
3T4E,A
3T4H,A
3T4V,A
3T58,A
3T59,A
3T5W,A
3T63,A
3T67,A
3T6W,A
3T7C,A
3T9W,A
3TA4,A
3TAS,A
3TB9,A
3TBA,A
3TBB,A
3TBC,A
3TBG,A
3TCY,A
3TD7,A
3TD8,A
3TDA,A
3TDK,A
3TE7,A
3TEM,A
3TF5,A
3TF7,A
3TFQ,A
3TGA,A
3TGB,A
3TGC,A
3TGM,A
3TGU,A
3TGY,A
3TH1,A
3THP,A
3THT,A
3TIK,A
3TJB,A
3TJF,A
3TJG,A
3TJJ,A
3TJK,A
3TJL,A
3TJR,A
3TJT,A
3TJX,A
3TK0,A
3TK2,A
3TK3,A
3TK4,A
3TKP,A
3TKQ,A
3TKR,A
3TKS,A
3TL2,A
3TL3,A
3TMZ,A
3TNL,A
3TNZ,A
3TO0,A
3TOR,A
3TOZ,A
3TQ0,A
3TQ8,A
3TQ9,A
3TQA,A
3TQB,A
3TQH,A
3TQJ,A
3TRI,A
3TRO,A
3TSB,A
3TSD,A
3TSN,A
3TTB,A
3TTT,A
3TTU,A
3TTV,A
3TTW,A
3TTX,A
3TUE,A
3TUW,A
3TWO,A
3TX1,A
3TX9,A
3TXZ,A
3TY3,A
3TY4,A
3TY7,A
3TYL,A
3TYM,A
3TYN,A
3TYO,A
3TZ6,A
3TZB,A
3TZC,A
3TZH,A
3TZI,A
3TZK,A
3TZO,A
3TZQ,A
3U09,A
3U1H,A
3U2C,A
3U2L,A
3U2M,A
3U2O,A
3U33,A
3U3X,A
3U49,A
3U4C,A
3U4D,A
3U4S,A
3U5S,A
3U5T,A
3U62,A
3U78,A
3U7I,A
3U7Q,A
3U9L,A
3UA5,A
3UAS,A
3UBA,A
3UBR,A
3UCL,A
3UCX,A
3UDO,A
3UDU,A
3UF0,A
3UFO,A
3UFP,A
3UFQ,A
3UFR,A
3UFS,A
3UFT,A
3UFU,A
3UFV,A
3UFW,A
3UGK,A
3UH1,A
3UHA,A
3UHJ,A
3UIC,A
3UKO,A
3ULK,A
3UM5,A
3UM6,A
3UM8,A
3UN1,A
3UNA,A
3UNC,A
3UNI,A
3UNO,A
3UOF,A
3UOG,A
3UOI,A
3UOV,A
3UOX,A
3UOY,A
3UOZ,A
3UP4,A
3UP5,A
3UP8,A
3UPW,A
3UQY,A
3URH,A
3URK,A
3US8,A
3USB,A
3USC,A
3USE,A
3USS,A
3UT2,A
3UTC,A
3UTD,A
3UU9,A
3UUS,A
3UV3,A
3UV6,A
3UV7,A
3UVE,A
3UW3,A
3UW8,A
3UWM,A
3UXE,A
3UXH,A
3UXJ,A
3UXV,A
3UYI,A
3UYJ,A
3UZW,A
3UZX,A
3UZY,A
3UZZ,A
3V0S,A
3V0T,A
3V0U,A
3V15,A
3V17,A
3V1T,A
3V1U,A
3V1Y,A
3V2G,A
3V2H,A
3V35,A
3V36,A
3V4C,A
3V4D,A
3V5N,A
3V6Q,A
3V8B,A
3V8D,A
3V92,A
3V98,A
3V99,A
3V9C,A
3V9E,A
3V9G,A
3V9H,A
3V9I,A
3V9J,A
3V9K,A
3V9L,A
3VAZ,A
3VB0,A
3VC7,A
3VCO,A
3VDQ,A
3VDR,A
3VDX,A
3VEC,A
3VED,A
3VEE,A
3VEF,A
3VEG,A
3VKP,A
3VKQ,A
3VKR,A
3VKS,A
3VKT,A
3VKU,A
3VKV,A
3VKZ,A
3VL2,A
3VL3,A
3VL4,A
3VL6,A
3VL7,A
3VLH,A
3VLI,A
3VLJ,A
3VLK,A
3VLL,A
3VLM,A
3VLX,A
3VLY,A
3VLZ,A
3VM0,A
3VM1,A
3VM4,A
3VMG,A
3VMH,A
3VMI,A
3VMJ,A
3VMK,A
3VML,A
3VNO,A
3VNX,A
3VO1,A
3VO2,A
3VOO,A
3VOS,A
3VPF,A
3VPG,A
3VPH,A
3VPM,A
3VPN,A
3VPO,A
3VPX,A
3VR4,A
3VR5,A
3VR6,A
3VR8,A
3VR9,A
3VRA,A
3VRB,A
3VRM,A
3VSG,A
3VSH,A
3VSI,A
3VSJ,A
3VTE,A
3VTF,A
3VTJ,A
3VTZ,A
3VU3,A
3VV9,A
3VVA,A
3VWU,A
3VWV,A
3VXG,A
3VXI,A
3VXJ,A
3VZP,A
3VZQ,A
3VZR,A
3VZS,A
3W1A,A
3W1L,A
3W1M,A
3W1N,A
3W1P,A
3W1Q,A
3W1R,A
3W1T,A
3W1U,A
3W1X,A
3W22,A
3W23,A
3W2E,A
3W2F,A
3W2G,A
3W2H,A
3W2I,A
3W2J,A
3W2K,A
3W2L,A
3W2M,A
3W2N,A
3W2U,A
3W35,A
3W36,A
3W3O,A
3W4I,A
3W4J,A
3W4K,A
3W4Y,A
3W54,A
3W5H,A
3W5S,A
3W6G,A
3W6U,A
3W6Y,A
3W6Z,A
3W70,A
3W71,A
3W72,A
3W73,A
3W74,A
3W75,A
3W76,A
3W77,A
3W78,A
3W79,A
3W7A,A
3W7C,A
3W7D,A
3W7E,A
3W7G,A
3W7H,A
3W7I,A
3W7J,A
3W7K,A
3W7L,A
3W7M,A
3W7N,A
3W7O,A
3W7P,A
3W7Q,A
3W7R,A
3W83,A
3W84,A
3W85,A
3W86,A
3W87,A
3W88,A
3W8D,A
3W8E,A
3W8F,A
3W8J,A
3W8W,A
3W8X,A
3W8Z,A
3W9C,A
3W9Z,A
3WA2,A
3WA3,A
3WB9,A
3WBB,A
3WBF,A
3WBW,A
3WBX,A
3WBY,A
3WCZ,A
3WE0,A
3WEU,A
3WEV,A
3WFB,A
3WFC,A
3WFD,A
3WFE,A
3WFI,A
3WFJ,A
3WG7,A
3WGO,A
3WGQ,A
3WGT,A
3WGX,A
3WGY,A
3WGZ,A
3WI9,A
3WIA,A
3WIC,A
3WID,A
3WIE,A
3WJA,A
3WKT,A
3WKU,A
3WLE,A
3WLF,A
3WLV,A
3WMW,A
3WMX,A
3WNQ,A
3WNU,A
3WNW,A
3WPM,A
3WQQ,A
3WQR,A
3WQS,A
3WR3,A
3WR4,A
3WR5,A
3WR8,A
3WR9,A
3WRA,A
3WRB,A
3WRC,A
3WRH,A
3WRI,A
3WRJ,A
3WRK,A
3WRL,A
3WRM,A
3WS7,A
3WSP,A
3WSV,A
3WSW,A
3WTB,A
3WU2,A
3WWY,A
3WX0,A
3WXB,A
3WXO,A
3WYB,A
3WYC,A
3WYE,A
3WZV,A
3WZW,A
3WZX,A
3WZY,A
3X0V,A
3X16,A
3X1B,A
3X2Q,A
3X3X,A
3X3Y,A
3X3Z,A
3X40,A
3X41,A
3X42,A
3ZBM,A
3ZBT,A
3ZBU,A
3ZC3,A
3ZCG,A
3ZCH,A
3ZCY,A
3ZDN,A
3ZDR,A
3ZDS,A
3ZE6,A
3ZE7,A
3ZE8,A
3ZE9,A
3ZEA,A
3ZFH,A
3ZFS,A
3ZG2,A
3ZG3,A
3ZGJ,A
3ZGL,A
3ZGN,A
3ZGY,A
3ZH2,A
3ZHB,A
3ZHO,A
3ZHQ,A
3ZHR,A
3ZHS,A
3ZHT,A
3ZHU,A
3ZHV,A
3ZHX,A
3ZHY,A
3ZHZ,A
3ZI0,A
3ZIV,A
3ZIY,A
3ZJ4,A
3ZJ5,A
3ZK5,A
3ZKP,A
3ZKU,A
3ZKY,A
3ZL5,A
3ZLI,A
3ZLP,A
3ZMS,A
3ZMT,A
3ZMU,A
3ZMV,A
3ZMZ,A
3ZN0,A
3ZN1,A
3ZNN,A
3ZNO,A
3ZNP,A
3ZNQ,A
3ZOI,A
3ZOW,A
3ZOX,A
3ZOY,A
3ZPC,A
3ZPG,A
3ZPI,A
3ZPO,A
3ZQA,A
3ZS0,A
3ZS1,A
3ZSN,A
3ZTL,A
3ZU2,A
3ZU3,A
3ZU4,A
3ZU5,A
3ZV3,A
3ZV4,A
3ZV5,A
3ZV6,A
3ZVJ,A
3ZW8,A
3ZW9,A
3ZWA,A
3ZWB,A
3ZWC,A
3ZWS,A
3ZWT,A
3ZX1,A
3ZYV,A
3ZYX,A
3ZZN,A
3ZZX,A
4A03,A
4A0M,A
4A26,A
4A27,A
4A2C,A
4A2D,A
4A2E,A
4A2F,A
4A2G,A
4A2H,A
4A5G,A
4A5L,A
4A5O,A
4A65,A
4A66,A
4A67,A
4A68,A
4A6Z,A
4A71,A
4A73,A
4A78,A
4A79,A
4A7A,A
4A7G,A
4A7M,A
4A7P,A
4A7Q,A
4A7S,A
4A7T,A
4A7U,A
4A7V,A
4A9W,A
4AAH,A
4AAL,A
4AAM,A
4AAN,A
4AAO,A
4AAP,A
4AB7,A
4ADW,A
4AF0,A
4AF6,A
4AF7,A
4AFN,A
4AG3,A
4AI7,A
4AI8,A
4AI9,A
4AIC,A
4AIV,A
4AJ1,A
4AJ2,A
4AJ3,A
4AJ4,A
4AJ6,A
4AJ7,A
4AJ8,A
4AJ9,A
4AJA,A
4AJB,A
4AJC,A
4AJE,A
4AJH,A
4AJI,A
4AJJ,A
4AJK,A
4AJL,A
4AJN,A
4AJO,A
4AJP,A
4AJR,A
4AJS,A
4AKO,A
4AKP,A
4AKQ,A
4AL4,A
4ALI,A
4ALJ,A
4ALK,A
4ALL,A
4ALM,A
4ALN,A
4AM2,A
4AM4,A
4AM5,A
4ANP,A
4AOP,A
4AOS,A
4AOU,A
4AOV,A
4AOX,A
4AOY,A
4AP1,A
4AP3,A
4APN,A
4AQ2,A
4AQ6,A
4ASK,A
4AST,A
4AT0,A
4AT2,A
4ATJ,A
4ATY,A
4AU9,A
4AUB,A
4AUE,A
4AUL,A
4AUM,A
4AUN,A
4AUT,A
4AVF,A
4AW3,A
4AWS,A
4AWT,A
4AWU,A
4AX3,A
4B1B,A
4B2Y,A
4B31,A
4B3E,A
4B3H,A
4B3I,A
4B3J,A
4B40,A
4B4D,A
4B4O,A
4B4U,A
4B4V,A
4B4W,A
4B5K,A
4B5N,A
4B63,A
4B64,A
4B65,A
4B66,A
4B67,A
4B68,A
4B69,A
4B7A,A
4B7D,A
4B7E,A
4B7F,A
4B7G,A
4B7H,A
4B7K,A
4B7S,A
4B7U,A
4B8W,A
4B8Z,A
4BAY,A
4BB3,A
4BB5,A
4BB6,A
4BBQ,A
4BCY,A
4BCZ,A
4BD4,A
4BF4,A
4BF9,A
4BFA,A
4BFF,A
4BFJ,A
4BFK,A
4BFL,A
4BG1,A
4BGE,A
4BGI,A
4BGK,A
4BGL,A
4BGM,A
4BGU,A
4BGV,A
4BHF,A
4BHG,A
4BHI,A
4BHT,A
4BII,A
4BIM,A
4BIO,A
4BIS,A
4BJK,A
4BJY,A
4BJZ,A
4BK1,A
4BK2,A
4BK3,A
4BKO,A
4BKP,A
4BKQ,A
4BKR,A
4BKU,A
4BL5,A
4BLC,A
4BLK,A
4BLL,A
4BLN,A
4BLX,A
4BLY,A
4BLZ,A
4BM0,A
4BMM,A
4BMN,A
4BMO,A
4BMP,A
4BMQ,A
4BMR,A
4BMS,A
4BMT,A
4BMU,A
4BMV,A
4BNF,A
4BNG,A
4BNH,A
4BNI,A
4BNJ,A
4BNK,A
4BNL,A
4BNM,A
4BNN,A
4BNP,A
4BNT,A
4BNU,A
4BNV,A
4BNW,A
4BNX,A
4BNY,A
4BNZ,A
4BO0,A
4BO1,A
4BO2,A
4BO3,A
4BO4,A
4BO5,A
4BO6,A
4BO7,A
4BO8,A
4BO9,A
4BPR,A
4BPT,A
4BQP,A
4BQR,A
4BQW,A
4BQX,A
4BQY,A
4BR6,A
4BT8,A
4BT9,A
4BTA,A
4BTB,A
4BTW,A
4BTX,A
4BTY,A
4BU2,A
4BUR,A
4BV6,A
4BV8,A
4BV9,A
4BVA,A
4BWV,A
4BXF,A
4BY0,A
4C0C,A
4C0W,A
4C0X,A
4C14,A
4C1M,A
4C27,A
4C28,A
4C39,A
4C3A,A
4C3O,A
4C3S,A
4C3X,A
4C3Y,A
4C43,A
4C4B,A
4C4O,A
4C4U,A
4C50,A
4C51,A
4C5O,A
4C5W,A
4C74,A
4C76,A
4C77,A
4C7J,A
4C7K,A
4C7U,A
4C7Y,A
4C7Z,A
4C80,A
4C8D,A
4C8R,A
4CAB,A
4CAM,A
4CAN,A
4CAO,A
4CAP,A
4CAQ,A
4CAR,A
4CAT,A
4CAZ,A
4CBB,A
4CBQ,A
4CCJ,A
4CCK,A
4CCL,A
4CCM,A
4CCN,A
4CCO,A
4CCP,A
4CCQ,A
4CCR,A
4CCX,A
4CD2,A
4CDT,A
4CET,A
4CF6,A
4CFS,A
4CFT,A
4CHL,A
4CI0,A
4CIT,A
4CJX,A
4CK8,A
4CK9,A
4CKA,A
4CL3,A
4CL8,A
4CLD,A
4CLE,A
4CLH,A
4CLO,A
4CLR,A
4CLX,A
4CM1,A
4CM3,A
4CM4,A
4CM5,A
4CM6,A
4CM7,A
4CM8,A
4CM9,A
4CMA,A
4CMB,A
4CMC,A
4CME,A
4CMG,A
4CMI,A
4CMJ,A
4CMK,A
4CMY,A
4CNJ,A
4CNK,A
4COD,A
4COH,A
4COI,A
4COJ,A
4COL,A
4COM,A
4CON,A
4COX,A
4CP4,A
4CPD,A
4CPP,A
4CQ8,A
4CQ9,A
4CQA,A
4CQL,A
4CQM,A
4CR6,A
4CR7,A
4CR8,A
4CRT,A
4CSP,A
4CSZ,A
4CTP,A
4CTQ,A
4CTR,A
4CTT,A
4CTU,A
4CTV,A
4CTW,A
4CTX,A
4CTY,A
4CTZ,A
4CU0,A
4CU1,A
4CUJ,A
4CUK,A
4CUL,A
4CUM,A
4CUN,A
4CUO,A
4CUZ,A
4CV0,A
4CV1,A
4CV2,A
4CV3,A
4CVB,A
4CVC,A
4CVG,A
4CVI,A
4CVJ,A
4CVP,A
4CVR,A
4CVS,A
4CVT,A
4CVY,A
4CW0,A
4CW2,A
4CW3,A
4CW6,A
4CWD,A
4CWV,A
4CWW,A
4CWX,A
4CWY,A
4CWZ,A
4CX0,A
4CX1,A
4CX2,A
4CX3,A
4CX4,A
4CX5,A
4CX6,A
4CX7,A
4CXW,A
4CXX,A
4CXY,A
4CY6,A
4CY8,A
4CZN,A
4CZO,A
4CZP,A
4CZQ,A
4CZR,A
4CZZ,A
4D03,A
4D04,A
4D0R,A
4D0S,A
4D12,A
4D13,A
4D17,A
4D19,A
4D1N,A
4D1O,A
4D1P,A
4D2Y,A
4D2Z,A
4D30,A
4D31,A
4D32,A
4D33,A
4D34,A
4D35,A
4D36,A
4D37,A
4D38,A
4D39,A
4D3A,A
4D3B,A
4D3D,A
4D3F,A
4D3I,A
4D3J,A
4D3K,A
4D3M,A
4D3N,A
4D3O,A
4D3S,A
4D3T,A
4D3U,A
4D3V,A
4D41,A
4D42,A
4D43,A
4D44,A
4D45,A
4D46,A
4D4Z,A
4D50,A
4D6Q,A
4D6R,A
4D6S,A
4D6T,A
4D6U,A
4D73,A
4D7H,A
4D7I,A
4D7J,A
4D7L,A
4D7O,A
4D7P,A
4D87,A
4D8F,A
4D8G,A
4D9J,A
4DA9,A
4DAL,A
4DAS,A
4DBV,A
4DBZ,A
4DC0,A
4DC1,A
4DDR,A
4DFR,A
4DGK,A
4DGQ,A
4DIF,A
4DIO,A
4DIQ,A
4DJN,A
4DL1,A
4DL9,A
4DLA,A
4DLB,A
4DLL,A
4DML,A
4DMM,A
4DMR,A
4DNA,A
4DNG,A
4DNJ,A
4DO0,A
4DOY,A
4DP3,A
4DPD,A
4DPH,A
4DPK,A
4DPL,A
4DPM,A
4DQK,A
4DQL,A
4DQU,A
4DQW,A
4DR0,A
4DRE,A
4DRY,A
4DSQ,A
4DSR,A
4DSS,A
4DTI,A
4DTW,A
4DTY,A
4DTZ,A
4DU2,A
4DUA,A
4DUB,A
4DUC,A
4DUD,A
4DUE,A
4DUF,A
4DVH,A
4DVQ,A
4DWT,A
4DWU,A
4DWV,A
4DXH,A
4DY4,A
4DYU,A
4DYX,A
4DYY,A
4DYZ,A
4DZ0,A
4E0B,A
4E0H,A
4E0I,A
4E0V,A
4E1G,A
4E21,A
4E2P,A
4E37,A
4E3X,A
4E4E,A
4E4G,A
4E4H,A
4E4Y,A
4E4Z,A
4E5D,A
4E5K,A
4E5M,A
4E5N,A
4E5P,A
4E5Y,A
4E6K,A
4E6P,A
4E9I,A
4EB3,A
4EBF,A
4EC2,A
4EC3,A
4ECH,A
4ECK,A
4EDF,A
4EEX,A
4EEZ,A
4EF8,A
4EF9,A
4EGF,A
4EH1,A
4EIG,A
4EIL,A
4EIT,A
4EIZ,A
4EJ1,A
4EJ6,A
4EJG,A
4EJH,A
4EJI,A
4EJJ,A
4EJM,A
4EJX,A
4EK1,A
4ELB,A
4ELE,A
4ELF,A
4ELG,A
4ELH,A
4EM3,A
4EM4,A
4EM5,A
4EMI,A
4EMJ,A
4EMW,A
4ENH,A
4ENP,A
4ENQ,A
4ENR,A
4ENS,A
4ENT,A
4ENU,A
4ENV,A
4ENW,A
4ENZ,A
4EOC,A
4EOD,A
4EOE,A
4EP6,A
4EQR,A
4EQS,A
4EQW,A
4EQX,A
4ERM,A
4ERO,A
4ERP,A
4ESE,A
4ESM,A
4ESO,A
4ETL,A
4EUE,A
4EUF,A
4EUH,A
4EUX,A
4EV2,A
4EV5,A
4EVM,A
4EW6,A
4EWA,A
4EWD,A
4EWE,A
4EYU,A
4EZ4,A
4EZH,A
4F2N,A
4F3X,A
4F3Y,A
4F40,A
4F4Q,A
4F6E,A
4F7D,A
4F7I,A
4F7K,A
4F7W,A
4F8B,A
4F8Y,A
4FA1,A
4FA4,A
4FA5,A
4FA7,A
4FA9,A
4FAA,A
4FAG,A
4FAH,A
4FAN,A
4FAS,A
4FAV,A
4FB1,A
4FB2,A
4FBF,A
4FBG,A
4FBY,A
4FC6,A
4FC7,A
4FCN,A
4FCS,A
4FD3,A
4FDA,A
4FDC,A
4FDH,A
4FDN,A
4FDO,A
4FDP,A
4FDQ,A
4FE1,A
4FEE,A
4FEF,A
4FEG,A
4FEH,A
4FEK,A
4FEZ,A
4FF6,A
4FF9,A
4FFA,A
4FFK,A
4FFU,A
4FGC,A
4FGG,A
4FGH,A
4FGJ,A
4FGK,A
4FGL,A
4FGW,A
4FH8,A
4FHB,A
4FIA,A
4FIW,A
4FIZ,A
4FJ0,A
4FJ1,A
4FJ2,A
4FJS,A
4FJU,A
4FK8,A
4FM5,A
4FMX,A
4FN4,A
4FNH,A
4FNI,A
4FO4,A
4FOO,A
4FOS,A
4FPX,A
4FQ8,A
4FQF,A
4FR5,A
4FR8,A
4FS3,A
4FSH,A
4FSK,A
4FVW,A
4FVX,A
4FVY,A
4FVZ,A
4FW0,A
4FW8,A
4FWE,A
4FWF,A
4FWJ,A
4FX9,A
4FXS,A
4FYZ,A
4FZI,A
4G05,A
4G07,A
4G09,A
4G0I,A
4G0K,A
4G0L,A
4G1X,A
4G2C,A
4G2E,A
4G2G,A
4G32,A
4G33,A
4G36,A
4G37,A
4G38,A
4G39,A
4G3J,A
4G3M,A
4G3R,A
4G3T,A
4G3U,A
4G44,A
4G45,A
4G46,A
4G47,A
4G48,A
4G5D,A
4G6G,A
4G6H,A
4G70,A
4G71,A
4G72,A
4G73,A
4G74,A
4G7G,A
4G7L,A
4G7P,A
4G7Q,A
4G7R,A
4G7S,A
4G7T,A
4G7U,A
4G8P,A
4G8U,A
4G8W,A
4G8Z,A
4G95,A
4G98,A
4G99,A
4G9K,A
4G9P,A
4GA4,A
4GA5,A
4GA6,A
4GA8,A
4GAB,A
4GAC,A
4GAE,A
4GAM,A
4GAP,A
4GAV,A
4GAZ,A
4GBU,A
4GCA,A
4GCM,A
4GD3,A
4GD4,A
4GDP,A
4GE8,A
4GED,A
4GEP,A
4GF7,A
4GGO,A
4GGP,A
4GGV,A
4GH8,A
4GHC,A
4GHD,A
4GHE,A
4GHF,A
4GHG,A
4GHH,A
4GHK,A
4GHM,A
4GI7,A
4GIC,A
4GIE,A
4GJY,A
4GJZ,A
4GKB,A
4GKV,A
4GL4,A
4GL5,A
4GL7,A
4GLO,A
4GM7,A
4GN6,A
4GNW,A
4GNZ,A
4GO0,A
4GO2,A
4GO3,A
4GO4,A
4GOH,A
4GP4,A
4GP5,A
4GP8,A
4GPC,A
4GPD,A
4GPF,A
4GPH,A
4GQ0,A
4GQA,A
4GQC,A
4GQE,A
4GQF,A
4GQG,A
4GQI,A
4GR1,A
4GR9,A
4GRC,A
4GRJ,A
4GRT,A
4GS1,A
4GT2,A
4GU0,A
4GU1,A
4GU3,A
4GU4,A
4GU7,A
4GUL,A
4GUN,A
4GUR,A
4GUS,A
4GUT,A
4GUU,A
4GVX,A
4GWB,A
4GWE,A
4GWG,A
4GWK,A
4GXM,A
4H0L,A
4H13,A
4H15,A
4H16,A
4H1A,A
4H1B,A
4H1N,A
4H23,A
4H24,A
4H2D,A
4H2N,A
4H2P,A
4H2Q,A
4H2R,A
4H3E,A
4H44,A
4H4C,A
4H4D,A
4H4E,A
4H4I,A
4H4P,A
4H4Q,A
4H4R,A
4H4S,A
4H4T,A
4H4U,A
4H4V,A
4H4W,A
4H4X,A
4H4Y,A
4H4Z,A
4H50,A
4H6K,A
4H6O,A
4H6Q,A
4H6R,A
4H7N,A
4H7P,A
4H7U,A
4H80,A
4H86,A
4H8A,A
4H8N,A
4H95,A
4H96,A
4H97,A
4H98,A
4HA6,A
4HA7,A
4HA9,A
4HBG,A
4HBK,A
4HCX,A
4HD6,A
4HD7,A
4HE8,A
4HEA,A
4HFJ,A
4HFM,A
4HFN,A
4HFR,A
4HGF,A
4HGG,A
4HGH,A
4HGI,A
4HGJ,A
4HHR,A
4HHS,A
4HJL,A
4HJM,A
4HKA,A
4HKT,A
4HKV,A
4HLT,A
4HM0,A
4HM1,A
4HM2,A
4HM3,A
4HM4,A
4HM5,A
4HM6,A
4HM7,A
4HM8,A
4HMS,A
4HMT,A
4HMU,A
4HMV,A
4HMW,A
4HMX,A
4HOE,A
4HOF,A
4HON,A
4HOO,A
4HOP,A
4HOV,A
4HPA,A
4HPB,A
4HPC,A
4HPD,A
4HR0,A
4HR4,A
4HR5,A
4HR9,A
4HSA,A
4HSJ,A
4HSL,A
4HSU,A
4HSW,A
4HSX,A
4HTR,A
4HUZ,A
4HVO,A
4HVQ,A
4HVR,A
4HWK,A
4HX5,A
4I08,A
4I13,A
4I1I,A
4I1N,A
4I3K,A
4I3L,A
4I3P,A
4I3T,A
4I3U,A
4I3V,A
4I3W,A
4I3X,A
4I4B,A
4I56,A
4I5X,A
4I64,A
4I6A,A
4I6W,A
4I6Y,A
4I7Z,A
4I8B,A
4I8P,A
4I8V,A
4I8X,A
4I91,A
4I9H,A
4I9N,A
4I9U,A
4ICC,A
4ICD,A
4ICT,A
4IDA,A
4IDB,A
4IDC,A
4IDD,A
4IDE,A
4IDF,A
4IDM,A
4IDS,A
4IDZ,A
4IE0,A
4IE4,A
4IE5,A
4IE6,A
4IE7,A
4IEO,A
4IEP,A
4IEQ,A
4IER,A
4IES,A
4IET,A
4IEU,A
4IEV,A
4IEW,A
4IEX,A
4IEY,A
4IEZ,A
4IG5,A
4IGE,A
4IGF,A
4IGH,A
4IGO,A
4IGP,A
4IGQ,A
4IGS,A
4IHI,A
4II4,A
4IIB,A
4IIC,A
4IID,A
4IIE,A
4IIF,A
4IIG,A
4IIH,A
4IIN,A
4IIT,A
4IIU,A
4IIV,A
4IJ3,A
4IJC,A
4IJK,A
4IJR,A
4IJU,A
4IJV,A
4IJW,A
4IL6,A
4ILK,A
4IM7,A
4IMS,A
4IMT,A
4IMU,A
4IMW,A
4IMX,A
4INA,A
4IP1,A
4IP6,A
4IPS,A
4IPW,A
4IQ4,A
4IQ7,A
4IQ8,A
4IQ9,A
4IQI,A
4IQL,A
4IRA,A
4IRN,A
4IS2,A
4IS3,A
4ISM,A
4ISP,A
4ITT,A
4ITV,A
4ITW,A
4IUB,A
4IUC,A
4IUD,A
4IV6,A
4IV9,A
4IVJ,A
4IVM,A
4IVO,A
4IWH,A
4IWJ,A
4IWK,A
4IX2,A
4IXE,A
4IXF,A
4IXG,A
4IXH,A
4IXK,A
4IXQ,A
4IXR,A
4IYM,A
4IZH,A
4IZI,A
4J0E,A
4J0F,A
4J14,A
4J16,A
4J1N,A
4J1Q,A
4J1S,A
4J1T,A
4J1W,A
4J1X,A
4J2W,A
4J31,A
4J33,A
4J34,A
4J36,A
4J3F,A
4J3P,A
4J3Q,A
4J3R,A
4J43,A
4J49,A
4J4B,A
4J4H,A
4J4T,A
4J56,A
4J57,A
4J5I,A
4J6F,A
4J6S,A
4J6T,A
4J6U,A
4J6V,A
4J7U,A
4J7X,A
4JA8,A
4JAA,A
4JAY,A
4JB1,A
4JB4,A
4JBE,A
4JBG,A
4JBH,A
4JBI,A
4JCO,A
4JD4,A
4JDB,A
4JDC,A
4JDR,A
4JE1,A
4JG4,A
4JGD,A
4JHT,A
4JIH,A
4JII,A
4JIR,A
4JJF,A
4JJG,A
4JJI,A
4JK3,A
4JKN,A
4JLT,A
4JM5,A
4JM6,A
4JM8,A
4JM9,A
4JMA,A
4JMB,A
4JMS,A
4JMT,A
4JMV,A
4JMW,A
4JMZ,A
4JN0,A
4JN6,A
4JNK,A
4JNQ,A
4JNY,A
4JNZ,A
4JO0,A
4JPL,A
4JPT,A
4JPU,A
4JPX,A
4JPY,A
4JQ9,A
4JQC,A
4JQJ,A
4JQK,A
4JQM,A
4JQN,A
4JQP,A
4JS3,A
4JS9,A
4JSE,A
4JSF,A
4JSG,A
4JSH,A
4JSI,A
4JSJ,A
4JSK,A
4JSL,A
4JSM,A
4JTA,A
4JTC,A
4JTD,A
4JTN,A
4JTO,A
4JTS,A
4JTT,A
4JTU,A
4JWS,A
4JWU,A
4JX1,A
4JX8,A
4JXC,A
4JXK,A
4JY2,A
4JY3,A
4JY8,A
4JY9,A
4JYD,A
4JYE,A
4JYF,A
4JYY,A
4JZ2,A
4JZ6,A
4JZG,A
4JZR,A
4K1F,A
4K1L,A
4K22,A
4K26,A
4K36,A
4K37,A
4K38,A
4K39,A
4K3I,A
4K3Z,A
4K57,A
4K5D,A
4K5E,A
4K5F,A
4K5G,A
4K5H,A
4K5I,A
4K5J,A
4K5K,A
4K6C,A
4K6F,A
4K7I,A
4K7N,A
4K7O,A
4K7V,A
4K7Y,A
4K7Z,A
4K8D,A
4K8E,A
4K8H,A
4K9D,A
4KAK,A
4KB3,A
4KBN,A
4KBZ,A
4KCE,A
4KCH,A
4KCI,A
4KCJ,A
4KCK,A
4KCL,A
4KCM,A
4KCN,A
4KCO,A
4KCP,A
4KCQ,A
4KCR,A
4KCS,A
4KD7,A
4KDE,A
4KDF,A
4KEB,A
4KEW,A
4KEY,A
4KF0,A
4KF2,A
4KFD,A
4KFE,A
4KFF,A
4KFJ,A
4KGD,A
4KJJ,A
4KJK,A
4KJL,A
4KKY,A
4KL8,A
4KL9,A
4KLX,A
4KM0,A
4KM2,A
4KMS,A
4KN9,A
4KNA,A
4KNE,A
4KO1,A
4KO2,A
4KO3,A
4KO4,A
4KOA,A
4KP7,A
4KPA,A
4KPB,A
4KPR,A
4KQ8,A
4KQW,A
4KQX,A
4KSZ,A
4KT0,A
4KTF,A
4KTJ,A
4KTK,A
4KTL,A
4KTO,A
4KUE,A
4KUG,A
4KUH,A
4KUM,A
4KW5,A
4KW6,A
4KWF,A
4KWG,A
4KWJ,A
4KWK,A
4KWL,A
4KX6,A
4KY4,A
4KY8,A
4KYA,A
4KZO,A
4KZP,A
4L03,A
4L04,A
4L05,A
4L06,A
4L0E,A
4L0F,A
4L0Q,A
4L0U,A
4L0W,A
4L1O,A
4L1Q,A
4L2A,A
4L2B,A
4L2C,A
4L2D,A
4L2N,A
4L2O,A
4L38,A
4L3G,A
4L3H,A
4L3X,A
4L3Y,A
4L3Z,A
4L49,A
4L4A,A
4L4B,A
4L4C,A
4L4D,A
4L4E,A
4L4F,A
4L4G,A
4L4R,A
4L4S,A
4L4X,A
4L6G,A
4L6V,A
4L77,A
4L82,A
4L8V,A
4L9R,A
4LA1,A
4LA4,A
4LAE,A
4LAF,A
4LAG,A
4LAH,A
4LAU,A
4LAZ,A
4LB3,A
4LB4,A
4LBR,A
4LBS,A
4LCE,A
4LDK,A
4LEK,A
4LEM,A
4LGL,A
4LGV,A
4LGZ,A
4LH0,A
4LH1,A
4LH2,A
4LH3,A
4LHC,A
4LHD,A
4LHT,A
4LIH,A
4LII,A
4LIT,A
4LIU,A
4LIV,A
4LJJ,A
4LMP,A
4LMR,A
4LN1,A
4LPJ,A
4LPM,A
4LPN,A
4LQH,A
4LQJ,A
4LQN,A
4LQV,A
4LRS,A
4LRT,A
4LS0,A
4LS1,A
4LS2,A
4LSM,A
4LTD,A
4LTM,A
4LTN,A
4LU6,A
4LUW,A
4LUX,A
4LVU,A
4LWA,A
4LWB,A
4LWJ,A
4LWK,A
4LWL,A
4LWM,A
4LXJ,A
4LXL,A
4LYU,A
4LYX,A
4M05,A
4M06,A
4M07,A
4M08,A
4M09,A
4M0C,A
4M10,A
4M11,A
4M1F,A
4M1H,A
4M1I,A
4M1Q,A
4M2X,A
4M3H,A
4M46,A
4M49,A
4M52,A
4M6J,A
4M6K,A
4M6L,A
4M7S,A
4M7T,A
4M7U,A
4M7V,A
4M86,A
4M87,A
4M89,A
4M8S,A
4M9A,A
4MA9,A
4MAB,A
4MAE,A
4MAH,A
4MAI,A
4MB8,A
4MCA,A
4MCM,A
4MCN,A
4MDH,A
4MEC,A
4MG2,A
4MGJ,A
4MGT,A
4MH2,A
4MH3,A
4MHB,A
4MIE,A
4MIF,A
4MIG,A
4MIH,A
4MIN,A
4MIO,A
4MIY,A
4MJL,A
4MJM,A
4MJW,A
4MJY,A
4MKU,A
4MKX,A
4MKZ,A
4ML5,A
4MM0,A
4MMM,A
4MN9,A
4MOE,A
4MOF,A
4MOG,A
4MOH,A
4MOI,A
4MOJ,A
4MOK,A
4MOL,A
4MOM,A
4MOO,A
4MOP,A
4MOQ,A
4MOR,A
4MOS,A
4MOW,A
4MPB,A
4MPY,A
4MSF,A
4MUX,A
4MUY,A
4MV0,A
4MV5,A
4MVJ,A
4MWA,A
4MY1,A
4MY7,A
4MY8,A
4MY9,A
4MYA,A
4MYX,A
4MZ1,A
4MZ8,A
4MZB,A
4MZC,A
4N0Z,A
4N10,A
4N11,A
4N3M,A
4N3T,A
4N3U,A
4N4J,A
4N4K,A
4N4L,A
4N4M,A
4N4N,A
4N4O,A
4N4Y,A
4N54,A
4N5F,A
4N5L,A
4N5M,A
4N5N,A
4N65,A
4N7R,A
4N83,A
4N8U,A
4N9M,A
4N9Q,A
4N9S,A
4N9V,A
4N9X,A
4NAJ,A
4NB7,A
4NB8,A
4NB9,A
4NBA,A
4NBB,A
4NBC,A
4NBD,A
4NBE,A
4NBF,A
4NBG,A
4NBH,A
4NBT,A
4NBV,A
4NCQ,A
4NCR,A
4ND1,A
4ND2,A
4ND3,A
4ND4,A
4ND5,A
4ND8,A
4NE2,A
4NEA,A
4NEV,A
4NFG,A
4NFH,A
4NFS,A
4NFY,A
4NG5,A
4NHK,A
4NHL,A
4NHM,A
4NHX,A
4NHY,A
4NID,A
4NIG,A
4NIH,A
4NII,A
4NIN,A
4NIO,A
4NIP,A
4NJ4,A
4NJB,A
4NJM,A
4NJO,A
4NK4,A
4NK5,A
4NKC,A
4NKV,A
4NKW,A
4NKX,A
4NKY,A
4NKZ,A
4NL5,A
4NM6,A
4NM9,A
4NMA,A
4NMB,A
4NMC,A
4NMD,A
4NME,A
4NMF,A
4NMH,A
4NMI,A
4NMJ,A
4NMK,A
4NOS,A
4NPL,A
4NPM,A
4NQZ,A
4NR0,A
4NR1,A
4NRE,A
4NRM,A
4NRO,A
4NRP,A
4NRQ,A
4NS3,A
4NSE,A
4NT3,A
4NTC,A
4NU5,A
4NU6,A
4NU9,A
4NUB,A
4NV2,A
4NV5,A
4NV6,A
4NX6,A
4NX7,A
4NY7,A
4NZ9,A
4NZH,A
4O1M,A
4O1Q,A
4O1Z,A
4O4P,A
4O59,A
4O5H,A
4O5M,A
4O5Q,A
4O5R,A
4O5U,A
4O61,A
4O63,A
4O64,A
4O6V,A
4O6Y,A
4O79,A
4O7G,A
4O7X,A
4O8A,A
4O93,A
4O95,A
4O9P,A
4O9T,A
4O9U,A
4OAL,A
4OAQ,A
4OCT,A
4ODB,A
4OE4,A
4OE5,A
4OE6,A
4OEK,A
4OFS,A
4OGQ,A
4OH1,A
4OH2,A
4OHU,A
4OIM,A
4OJ8,A
4OJA,A
4OJN,A
4OKN,A
4OL9,A
4OMF,A
4OMU,A
4ONE,A
4OOE,A
4OOF,A
4OP6,A
4OP9,A
4OPC,A
4OPD,A
4OPG,A
4OPI,A
4OPL,A
4OPT,A
4OPU,A
4OQ7,A
4OQC,A
4OQV,A
4OR7,A
4ORI,A
4ORM,A
4OSG,A
4OTJ,A
4OTK,A
4OTY,A
4OU8,A
4OU9,A
4OUA,A
4OVI,A
4OWY,A
4OXK,A
4OXN,A
4OXY,A
4OYN,A
4OYR,A
4OZ5,A
4P13,A
4P18,A
4P1B,A
4P1C,A
4P2L,A
4P38,A
4P3Q,A
4P3R,A
4P4G,A
4P4L,A
4P4N,A
4P4Q,A
4P66,A
4P68,A
4P69,A
4P6R,A
4P6S,A
4P6T,A
4P6V,A
4P7W,A
4P7X,A
4P8C,A
4P8H,A
4P8K,A
4P8L,A
4P8M,A
4P8N,A
4P8P,A
4P8R,A
4P8T,A
4P8Y,A
4P9G,A
4P9S,A
4PAA,A
4PAB,A
4PAE,A
4PAH,A
4PAL,A
4PBU,A
4PD4,A
4PDJ,A
4PFA,A
4PFD,A
4PG4,A
4PG5,A
4PG6,A
4PG7,A
4PG8,A
4PH9,A
4PHZ,A
4PI0,A
4PI2,A
4PIX,A
4PIY,A
4PIZ,A
4PJ0,A
4PJY,A
4PK5,A
4PK6,A
4PLZ,A
4PMJ,A
4PNX,A
4POE,A
4PQ6,A
4PR4,A
4PR8,A
4PRK,A
4PRL,A
4PRR,A
4PRT,A
4PS9,A
4PT0,A
4PT3,A
4PTH,A
4PTJ,A
4PTY,A
4PTZ,A
4PU0,A
4PUU,A
4PUV,A
4PUW,A
4PV1,A
4PVC,A
4PVD,A
4PW3,A
4PW8,A
4PW9,A
4PWV,A
4PXH,A
4PYT,A
4PZC,A
4PZD,A
4PZE,A
4PZF,A
4Q0D,A
4Q0E,A
4Q0T,A
4Q17,A
4Q1O,A
4Q32,A
4Q33,A
4Q39,A
4Q3A,A
4Q3B,A
4Q3C,A
4Q3D,A
4Q3E,A
4Q3N,A
4Q3W,A
4Q3X,A
4Q3Y,A
4Q3Z,A
4Q4K,A
4Q4U,A
4Q5B,A
4Q5C,A
4Q67,A
4Q6A,A
4Q71,A
4Q72,A
4Q73,A
4Q7B,A
4Q92,A
4Q9N,A
4QBX,A
4QCD,A
4QCK,A
4QEJ,A
4QES,A
4QET,A
4QF0,A
4QF6,A
4QFC,A
4QFD,A
4QFF,A
4QGK,A
4QGL,A
4QGM,A
4QGN,A
4QGS,A
4QHO,A
4QHU,A
4QHV,A
4QI9,A
4QIS,A
4QIT,A
4QIU,A
4QJ1,A
4QJC,A
4QJE,A
4QJQ,A
4QJZ,A
4QKB,A
4QKD,A
4QKF,A
4QKN,A
4QL7,A
4QLE,A
4QLF,A
4QLG,A
4QLX,A
4QM1,A
4QM8,A
4QM9,A
4QN2,A
4QNE,A
4QNW,A
4QO7,A
4QO8,A
4QOD,A
4QOE,A
4QOF,A
4QOG,A
4QOH,A
4QOI,A
4QOJ,A
4QOL,A
4QOM,A
4QON,A
4QOO,A
4QOP,A
4QOQ,A
4QOR,A
4QOY,A
4QPC,A
4QPD,A
4QQ3,A
4QQR,A
4QR6,A
4QSM,A
4QT0,A
4QTO,A
4QTZ,A
4QU1,A
4QUK,A
4QUP,A
4QUQ,A
4QUR,A
4QUV,A
4QVB,A
4QWN,A
4QWT,A
4QX4,A
4QX7,A
4QX8,A
4QXB,A
4QXC,A
4QXH,A
4QXI,A
4QXM,A
4QYQ,A
4R0V,A
4R1N,A
4R1R,A
4R3N,A
4R3W,A
4R41,A
4R4J,A
4R51,A
4R52,A
4R54,A
4R5H,A
4R5M,A
4R68,A
4R69,A
4R7J,A
4R8V,A
4R9R,A
4R9S,A
4RAJ,A
4RCV,A
4REK,A
4REP,A
4REU,A
4RFL,A
4RFR,A
4RG3,A
4RG4,A
4RGB,A
4RGC,A
4RGQ,A
4RGV,A
4RJE,A
4RJT,A
4RK8,A
4RKA,A
4RKM,A
4RKN,A
4RKU,A
4RL6,A
4RLH,A
4RLI,A
4RLS,A
4RM4,A
4RM7,A
4RNU,A
4RNV,A
4RNW,A
4RNX,A
4ROR,A
4ROS,A
4RPE,A
4RPQ,A
4RQL,A
4RQT,A
4RQU,A
4RQX,A
4RR4,A
4RRT,A
4RRW,A
4RRX,A
4RRY,A
4RRZ,A
4RS0,A
4RSL,A
4RSN,A
4RUI,A
4RUT,A
4RV8,A
4RVP,A
4RVY,A
4RWH,A
4RWM,A
4RX0,A
4RZH,A
4RZI,A
4S1V,A
4S23,A
4S38,A
4S39,A
4S3A,A
4S3B,A
4S3C,A
4S3D,A
4S3E,A
4S3F,A
4S3M,A
4TKU,A
4TKV,A
4TN7,A
4TNH,A
4TNI,A
4TNJ,A
4TNK,A
4TO9,A
4TOA,A
4TOB,A
4TOC,A
4TOD,A
4TOE,A
4TOF,A
4TOG,A
4TOH,A
4TQO,A
4TR3,A
4TR4,A
4TRJ,A
4TRM,A
4TRN,A
4TRO,A
4TS4,A
4TSK,A
4TT5,A
4TT8,A
4TTB,A
4TTC,A
4TTS,A
4TTT,A
4TU5,A
4TUV,A
4TVF,A
4TVO,A
4TVW,A
4TVY,A
4TX3,A
4TXI,A
4TXK,A
4TXV,A
4TZK,A
4TZT,A
4U0J,A
4U0K,A
4U2L,A
4U2S,A
4U2T,A
4U3E,A
4U3F,A
4U3G,A
4U3M,A
4U3N,A
4U3U,A
4U4I,A
4U4N,A
4U4O,A
4U4Q,A
4U4R,A
4U4U,A
4U4Y,A
4U4Z,A
4U50,A
4U51,A
4U52,A
4U53,A
4U55,A
4U56,A
4U66,A
4U6F,A
4U6Q,A
4U6S,A
4U72,A
4U74,A
4U7F,A
4U7G,A
4U7H,A
4U83,A
4U9H,A
4U9I,A
4U9O,A
4U9Q,A
4U9S,A
4U9U,A
4UAJ,A
4UB6,A
4UB8,A
4UBG,A
4UBH,A
4UBS,A
4UC4,A
4UCH,A
4UCQ,A
4UCW,A
4UCX,A
4UD2,A
4UD6,A
4UDP,A
4UDQ,A
4UDR,A
4UDX,A
4UDY,A
4UE2,A
4UE3,A
4UE6,A
4UEJ,A
4UEK,A
4UEO,A
4UEQ,A
4UEW,A
4UF0,A
4UG5,A
4UG6,A
4UG7,A
4UG8,A
4UG9,A
4UGA,A
4UGB,A
4UGC,A
4UGD,A
4UGE,A
4UGF,A
4UGG,A
4UGH,A
4UGI,A
4UGJ,A
4UGK,A
4UGL,A
4UGM,A
4UGN,A
4UGO,A
4UGP,A
4UGQ,A
4UGR,A
4UGS,A
4UGT,A
4UGU,A
4UGV,A
4UGW,A
4UGX,A
4UGY,A
4UGZ,A
4UH0,A
4UH1,A
4UH2,A
4UH3,A
4UH4,A
4UH5,A
4UH6,A
4UH7,A
4UH8,A
4UH9,A
4UHA,A
4UHI,A
4UHL,A
4UHW,A
4UHX,A
4UMX,A
4UMY,A
4UMZ,A
4UP3,A
4UPE,A
4UPM,A
4UPN,A
4UPO,A
4UPP,A
4UPQ,A
4UPR,A
4UPS,A
4UPT,A
4UPV,A
4UQH,A
4UQL,A
4UQP,A
4UQR,A
4UQS,A
4UQU,A
4UR0,A
4UR1,A
4UR2,A
4UR3,A
4URA,A
4URE,A
4URF,A
4URH,A
4US8,A
4US9,A
4USA,A
4USC,A
4USQ,A
4USR,A
4USZ,A
4UTH,A
4UTI,A
4UTJ,A
4UTK,A
4UTL,A
4UTM,A
4UUL,A
4UUM,A
4UUN,A
4UUO,A
4UUP,A
4UV8,A
4UV9,A
4UVA,A
4UVB,A
4UVC,A
4UVD,A
4UVE,A
4UVG,A
4UVH,A
4UVI,A
4UVR,A
4UWD,A
4UWM,A
4UX6,A
4UXN,A
4UYL,A
4UYM,A
4UZI,A
4V06,A
4V0J,A
4V2K,A
4V2L,A
4V2M,A
4V2N,A
4V2V,A
4V2W,A
4V37,A
4V3F,A
4V3U,A
4V3V,A
4V3W,A
4V3X,A
4V3Y,A
4V3Z,A
4V4B,A
4V4C,A
4V4D,A
4V4E,A
4V62,A
4V6H,A
4V6I,A
4V6W,A
4V7R,A
4V82,A
4V88,A
4V8T,A
4V8Y,A
4V8Z,A
4W6Z,A
4W7J,A
4W7K,A
4W7L,A
4W7M,A
4W7N,A
4W7O,A
4W8C,A
4W99,A
4W9Z,A
4WAS,A
4WB9,A
4WD4,A
4WEO,A
4WEQ,A
4WES,A
4WET,A
4WEV,A
4WEY,A
4WF4,A
4WF5,A
4WFO,A
4WFS,A
4WFT,A
4WG2,A
4WHA,A
4WHO,A
4WHP,A
4WHQ,A
4WHR,A
4WHS,A
4WJ9,A
4WJI,A
4WJY,A
4WJZ,A
4WK6,A
4WKG,A
4WLE,A
4WLF,A
4WLN,A
4WLO,A
4WLU,A
4WLV,A
4WMH,A
4WN9,A
4WNA,A
4WNC,A
4WNI,A
4WNT,A
4WNU,A
4WNV,A
4WNW,A
4WOJ,A
4WP7,A
4WPD,A
4WPG,A
4WPN,A
4WQ7,A
4WQ8,A
4WQ9,A
4WQA,A
4WQB,A
4WQC,A
4WQD,A
4WQE,A
4WQJ,A
4WQM,A
4WTQ,A
4WUO,A
4WWJ,A
4WWS,A
4WZ7,A
4WZA,A
4WZB,A
4WZC,A
4WZH,A
4X0T,A
4X0U,A
4X0X,A
4X1U,A
4X2Q,A
4X3N,A
4X3V,A
4X3Z,A
4X4L,A
4X5F,A
4X5G,A
4X5H,A
4X5I,A
4X5J,A
4X7G,A
4X8B,A
4X8D,A
4X8E,A
4X9Q,A
4XA7,A
4XAE,A
4XAP,A
4XBF,A
4XBV,A
4XBW,A
4XC5,A
4XCR,A
4XCS,A
4XD2,A
4XDB,A
4XDC,A
4XDD,A
4XDG,A
4XDH,A
4XDO,A
4XDP,A
4XDY,A
4XDZ,A
4XE6,A
4XEC,A
4XEH,A
4XET,A
4XEZ,A
4XF0,A
4XF1,A
4XF3,A
4XF4,A
4XF9,A
4XFA,A
4XFB,A
4XFC,A
4XFF,A
4XFG,A
4XFH,A
4XFI,A
4XFP,A
4XGS,A
4XHF,A
4XIH,A
4XIJ,A
4XIY,A
4XK8,A
4XKS,A
4XKT,A
4XKU,A
4XMC,A
4XMD,A
4XME,A
4XMF,A
4XMG,A
4XMH,A
4XP7,A
4XPI,A
4XQ6,A
4XRA,A
4XRD,A
4XRX,A
4XRY,A
4XRZ,A
4XS1,A
4XS3,A
4XS4,A
4XS6,A
4XS8,A
4XTD,A
4XTI,A
4XTS,A
4XV4,A
4XV5,A
4XV6,A
4XV7,A
4XV8,A
4XVA,A
4XVG,A
4XVX,A
4XWR,A
4XWU,A
4XWY,A
4XX2,A
4XXG,A
4XXV,A
4XYB,A
4XYD,A
4XYE,A
4XYG,A
4XZH,A
4XZI,A
4XZL,A
4XZM,A
4XZN,A
4Y08,A
4Y1P,A
4Y28,A
4Y33,A
4Y3O,A
4Y4R,A
4Y55,A
4Y5R,A
4Y5S,A
4Y5T,A
4Y67,A
4Y6P,A
4Y6R,A
4Y6S,A
4Y7C,A
4Y8W,A
4Y9J,A
4Y9L,A
4Y9R,A
4Y9U,A
4YAF,A
4YAL,A
4YAO,A
4YAR,A
4YAU,A
4YAW,A
4YB4,A
4YCA,A
4YCO,A
4YCP,A
4YDR,A
4YET,A
4YIL,A
4YIO,A
4YIP,A
4YJD,A
4YJF,A
4YJG,A
4YJH,A
4YKF,A
4YKG,A
4YKH,A
4YLH,A
4YLW,A
4YMK,A
4YNC,A
4YNI,A
4YNT,A
4YNU,A
4YPO,A
4YQE,A
4YR9,A
4YRA,A
4YRB,A
4YRW,A
4YS1,A
4YSC,A
4YSE,A
4YSF,A
4YSH,A
4YSW,A
4YSX,A
4YSY,A
4YSZ,A
4YT0,A
4YT3,A
4YTM,A
4YTN,A
4YTP,A
4YTY,A
4YTZ,A
4YU1,A
4YUU,A
4YVQ,A
4YWJ,A
4YWU,A
4YWV,A
4YXD,A
4YYO,A
4YYZ,A
4YZR,A
4Z0G,A
4Z0H,A
4Z0L,A
4Z0P,A
4Z1V,A
4Z24,A
4Z25,A
4Z26,A
4Z2T,A
4Z2U,A
4Z2W,A
4Z3D,A
4Z3K,A
4Z43,A
4Z44,A
4Z6K,A
4Z82,A
4Z87,A
4Z9X,A
4Z9Y,A
4ZA2,A
4ZCC,A
4ZCD,A
4ZDA,A
4ZEL,A
4ZF6,A
4ZF8,A
4ZFA,A
4ZFB,A
4ZGW,A
4ZGX,A
4ZHN,A
4ZHS,A
4ZIC,A
4ZJK,A
4ZJU,A
4ZKH,A
4ZKW,A
4ZKX,A
4ZKY,A
4ZL1,A
4ZL5,A
4ZL6,A
4ZLW,A
4ZMC,A
4ZMG,A
4ZN0,A
4ZN6,A
4ZON,A
4ZQB,A
4ZQE,A
4ZQF,A
4ZQG,A
4ZQH,A
4ZQM,A
4ZQN,A
4ZQO,A
4ZQP,A
4ZQR,A
4ZR0,A
4ZR1,A
4ZRA,A
4ZS2,A
4ZS3,A
4ZTT,A
4ZUK,A
4ZUL,A
4ZV8,A
4ZVK,A
4ZVL,A
4ZVM,A
4ZVN,A
4ZVV,A
4ZVW,A
4ZVX,A
4ZVY,A
4ZWL,A
4ZXU,A
4ZXV,A
4ZYJ,A
4ZYO,A
5A02,A
5A03,A
5A04,A
5A05,A
5A06,A
5A12,A
5A13,A
5A1F,A
5A1L,A
5A1T,A
5A2D,A
5A2F,A
5A3J,A
5A3N,A
5A3P,A
5A3T,A
5A3U,A
5A3V,A
5A3W,A
5A4D,A
5A4F,A
5A4I,A
5A4K,A
5A4M,A
5A5I,A
5A5J,A
5A7N,A
5A7O,A
5A7P,A
5A7Q,A
5A7W,A
5A80,A
5A9G,A
5A9R,A
5A9S,A
5A9T,A
5AA5,A
5AA6,A
5AAJ,A
5AAK,A
5ABM,A
5ABN,A
5ABO,A
5ABQ,A
5AC0,A
5AC1,A
5AC2,A
5AD4,A
5AD5,A
5AD6,A
5AD7,A
5AD8,A
5AD9,A
5ADA,A
5ADB,A
5ADC,A
5ADD,A
5ADE,A
5ADF,A
5ADG,A
5ADH,A
5ADI,A
5ADJ,A
5ADK,A
5ADL,A
5ADM,A
5ADN,A
5ADU,A
5AEC,A
5AEU,A
5AEW,A
5AFA,A
5AFW,A
5AG0,A
5AG1,A
5AG2,A
5AGK,A
5AGL,A
5AGM,A
5AGN,A
5AGO,A
5AGP,A
5AHL,A
5AHM,A
5AHN,A
5AJR,A
5AKR,A
5AL9,A
5ALA,A
5AMM,A
5ANH,A
5AOG,A
5AOP,A
5AOV,A
5AOW,A
5APA,A
5AQ1,A
5AVO,A
5AYJ,A
5AYK,A
5AYL,A
5AYV,A
5AZ8,A
5B1A,A
5B1B,A
5B1J,A
5B1K,A
5B1Y,A
5B2U,A
5B2V,A
5B2W,A
5B2X,A
5B2Y,A
5B37,A
5B3P,A
5B3Q,A
5B46,A
5B47,A
5B48,A
5B4T,A
5B4U,A
5B4V,A
5B5E,A
5B66,A
5B6M,A
5B6N,A
5B72,A
5B8A,A
5B8B,A
5BNT,A
5BOO,A
5BPX,A
5BR4,A
5BSE,A
5BSF,A
5BSG,A
5BSH,A
5BTQ,A
5BUC,A
5BV2,A
5BV5,A
5BVG,A
5BVH,A
5BYQ,A
5BYR,A
5BYS,A
5C04,A
5C11,A
5C2T,A
5C3J,A
5C4I,A
5C4N,A
5C4R,A
5C5I,A
5C6F,A
5C7H,A
5C7I,A
5C7L,A
5C7O,A
5CC9,A
5CCC,A
5CCP,A
5CDG,A
5CDS,A
5CDT,A
5CDU,A
5CDY,A
5CEE,A
5CEF,A
5CEH,A
5CEJ,A
5CFZ,A
5CG1,A
5CG2,A
5CHE,A
5CI0,A
5CI1,A
5CI2,A
5CI3,A
5CI4,A
5CIB,A
5CIC,A
5CID,A
5CIE,A
5CIF,A
5CIG,A
5CIH,A
5CJH,A
5CKU,A
5CMQ,A
5CMR,A
5CNS,A
5CNT,A
5CNU,A
5CNV,A
5COA,A
5COB,A
5COQ,A
5COX,A
5CP4,A
5CP8,A
5CPB,A
5CPF,A
5CPP,A
5CTO,A
5CU9,A
5CX1,A
5D08,A
5D0A,A
5D0B,A
5D1Y,A
5D4H,A
5D4I,A
5D4J,A
5D51,A
5D6M,A
5D6W,A
5D6X,A
5D6Y,A
5D8I,A
5D8O,A
5D8P,A
5D8Q,A
5D8R,A
5D8S,A
5D8X,A
5D8Y,A
5D93,A
5D96,A
5D9Y,A
5DAB,A
5DAN,A
5DAT,A
5DBF,A
5DBG,A
5DBI,A
5DC3,A
5DCO,A
5DCR,A
5DCS,A
5DCU,A
5DCW,A
5DCY,A
5DDI,A
5DE1,A
5DE9,A
5DEL,A
5DEN,A
5DEU,A
5DF1,A
5DFR,A
5DGE,A
5DGF,A
5DGV,A
5DHW,A
5DIB,A
5DIK,A
5DIP,A
5DJQ,A
5DLI,A
5DN9,A
5DNA,A
5DQN,A
5DQR,A
5DT9,A
5DUL,A
5DV9,A
5DVB,A
5DWV,A
5DXX,A
5DXY,A
5DY2,A
5DY3,A
5DYP,A
5DYZ,A
5DZS,A
5E4R,A
5E6H,A
5E78,A
5E79,A
5E7C,A
5E7Y,A
5E8Q,A
5E93,A
5E9N,A
5E9Z,A
5EA2,A
5EA9,A
5EAI,A
5EAJ,A
5EBK,A
5EBU,A
5EC3,A
5EDT,A
5EEO,A
5EER,A
5EES,A
5EFU,A
5EGQ,A
5EHF,A
5EIN,A
5EIO,A
5EJ2,A
5EJT,A
5EJX,A
5EK2,A
5EK3,A
5EK4,A
5EKB,A
5EM4,A
5EMH,A
5EMN,A
5EN4,A
5END,A
5ENV,A
5EO6,A
5EOW,A
5EPF,A
5EPG,A
5EPT,A
5EQB,A
5ES3,A
5ESE,A
5ESF,A
5ESG,A
5ESH,A
5ESM,A
5ESN,A
5ETW,A
5EVO,A
5EVY,A
5EXD,A
5EXE,A
5EXH,A
5EYU,A
5EZ3,A
5EZ4,A
5EZW,A
5F12,A
5F19,A
5F1A,A
5F2S,A
5F2W,A
5F32,A
5F37,A
5F39,A
5F3C,A
5F3E,A
5F3G,A
5F3I,A
5F4B,A
5F51,A
5F5A,A
5F5C,A
5F5I,A
5F7A,A
5F7B,A
5F8P,A
5FA6,A
5FA9,A
5FB3,A
5FBJ,A
5FCI,A
5FCJ,A
5FDA,A
5FDB,A
5FDQ,A
5FEP,A
5FES,A
5FEW,A
5FEX,A
5FEZ,A
5FF0,A
5FF2,A
5FF3,A
5FF4,A
5FGJ,A
5FHZ,A
5FI8,A
5FII,A
5FIW,A
5FJ2,A
5FJ3,A
5FJH,A
5FJK,A
5FLE,A
5FLI,A
5FLJ,A
5FMH,A
5FN0,A
5FNB,A
5FNE,A
5FNN,A
5FNO,A
5FNP,A
5FNY,A
5FOI,A
5FP3,A
5FP4,A
5FP7,A
5FP8,A
5FP9,A
5FPA,A
5FPB,A
5FPL,A
5FPU,A
5FRC,A
5FS6,A
5FS7,A
5FS8,A
5FS9,A
5FUJ,A
5FUK,A
5FUN,A
5FUP,A
5FUQ,A
5FV3,A
5FVO,A
5FVP,A
5FVQ,A
5FVR,A
5FVS,A
5FVT,A
5FVU,A
5FVV,A
5FVW,A
5FVX,A
5FVY,A
5FVZ,A
5FW0,A
5FW4,A
5FWE,A
5FWJ,A
5FWN,A
5FX8,A
5FXE,A
5FXF,A
5FXP,A
5FXV,A
5FXW,A
5FXX,A
5FXZ,A
5FY0,A
5FY1,A
5FY7,A
5FY8,A
5FYC,A
5FYD,A
5FYH,A
5FYI,A
5FYM,A
5FYT,A
5FYU,A
5FYY,A
5FYZ,A
5FZ0,A
5FZ1,A
5FZ3,A
5FZ4,A
5FZ6,A
5FZ7,A
5FZ9,A
5FZA,A
5FZB,A
5FZC,A
5FZH,A
5FZK,A
5FZL,A
5FZO,A
5G0N,A
5G0O,A
5G0P,A
5G0S,A
5G0T,A
5G0U,A
5G0V,A
5G0W,A
5G2O,A
5G5G,A
5G5H,A
5G65,A
5G66,A
5G67,A
5G68,A
5G69,A
5G6A,A
5G6B,A
5G6C,A
5G6D,A
5G6E,A
5G6F,A
5G6G,A
5G6H,A
5G6I,A
5G6J,A
5G6K,A
5G6L,A
5G6M,A
5G6N,A
5G6O,A
5G6P,A
5G6Q,A
5GEP,A
5GH0,A
5GIR,A
5GIS,A
5GKN,A
5GLS,A
5GMO,A
5GN8,A
5GOU,A
5GRE,A
5GRF,A
5GRH,A
5GRI,A
5GRL,A
5GRT,A
5GT2,A
5GXG,A
5GXU,A
5H2Z,A
5H59,A
5H5J,A
5H5Q,A
5H5R,A
5H5S,A
5H8V,A
5H8Y,A
5H92,A
5HA7,A
5HDI,A
5HF0,A
5HF2,A
5HFK,A
5HHV,A
5HHX,A
5HHZ,A
5HI3,A
5HI4,A
5HI5,A
5HI6,A
5HIN,A
5HIW,A
5HMR,A
5HPB,A
5HQE,A
5HQP,A
5HQX,A
5HQY,A
5HQZ,A
5HRU,A
5HS4,A
5HS6,A
5HSA,A
5HSR,A
5HSU,A
5HT4,A
5HT5,A
5HTO,A
5HUI,A
5HVB,A
5HVE,A
5HWS,A
5HWZ,A
5HXW,A
5HYM,A
5I0R,A
5I0S,A
5I0T,A
5I0U,A
5I4L,A
5I5I,A
5I5J,A
5I5M,A
5I68,A
5I6K,A
5I6L,A
5I6M,A
5I6N,A
5I6O,A
5I6P,A
5I7E,A
5I7F,A
5I7S,A
5I7V,A
5I8S,A
5I8T,A
5I8W,A
5I8Y,A
5I8Z,A
5I91,A
5I93,A
5I95,A
5I9L,A
5I9M,A
5I9N,A
5IBD,A
5IBE,A
5IBF,A
5IBG,A
5IBH,A
5IBI,A
5IBJ,A
5IBO,A
5ICD,A
5ICM,A
5ICS,A
5ID2,A
5IFL,A
5IJZ,A
5IK1,A
5IKD,A
5IKG,A
5IKI,A
5IKQ,A
5IKR,A
5IKT,A
5IKV,A
5ILG,A
5ILO,A
5IM3,A
5IQY,A
5IR4,A
5IR5,A
5ISL,A
5IT1,A
5IT3,A
5ITV,A
5ITW,A
5IUT,A
5IUZ,A
5IVB,A
5IVC,A
5IVE,A
5IVF,A
5IVJ,A
5IVV,A
5IVY,A
5IW0,A
5IWF,A
5IXS,A
5IXY,A
5IY5,A
5IZ4,A
5J07,A
5J0C,A
5J0F,A
5J0G,A
5J32,A
5J33,A
5J34,A
5J4Z,A
5J5R,A
5J6D,A
5J78,A
5J7I,A
5J7Y,A
5J8K,A
5J8S,A
5J8W,A
5J92,A
5J93,A
5J9B,A
5J9C,A
5J9V,A
5JA3,A
5JAC,A
5JAI,A
5JAM,A
5JAQ,A
5JAZ,A
5JBI,A
5JC1,A
5JCG,A
5JCT,A
5JE8,A
5JFO,A
5JH5,A
5JHX,A
5JHY,A
5JHZ,A
5JKL,A
5JKM,A
5JLC,A
5JMP,A
5JMW,A
5JNL,A
5JO0,A
5JPQ,A
5JPR,A
5JQ2,A
5JQR,A
5JQU,A
5JQV,A
5JRO,A
5JRY,A
5JS6,A
5JSC,A
5JSF,A
5JTD,A
5JUO,A
5JUP,A
5JUS,A
5JUT,A
5JUU,A
5JVY,A
5JVZ,A
5JW1,A
5JW6,A
5JWP,A
5JY1,A
5JY6,A
5JYA,A
5JYE,A
5JYF,A
5K02,A
5K0Z,A
5K10,A
5K11,A
5K12,A
5K1E,A
5K4L,A
5K4X,A
5K4Z,A
5K8C,A
5K8E,A
5K9C,A
5K9D,A
5KAF,A
5KAI,A
5KBK,A
5KBL,A
5KBM,A
5KCP,A
5KCZ,A
5KIA,A
5KIR,A
5KJ1,A
5KJ6,A
5KJA,A
5KJB,A
5KJC,A
5KJD,A
5KJE,A
5KJF,A
5KK0,A
5KKA,A
5KKC,A
5KKZ,A
5KLI,A
5KLV,A
5KNB,A
5KNC,A
5KND,A
5KOH,A
5KOI,A
5KOJ,A
5KOW,A
5KOX,A
5KR7,A
5KSW,A
5KT0,A
5KVH,A
5KVI,A
5KVV,A
5KWF,A
5KXJ,A
5KYT,A
5KYV,A
5KZ5,A
5L01,A
5L02,A
5L05,A
5L1O,A
5L1P,A
5L1Q,A
5L1R,A
5L1S,A
5L1T,A
5L1U,A
5L1V,A
5L1W,A
5L3B,A
5L3C,A
5L3D,A
5L3E,A
5L3F,A
5L3G,A
5L46,A
5L4S,A
5L51,A
5L53,A
5L57,A
5L58,A
5L6F,A
5L6G,A
5L71,A
5L7T,A
5L7W,A
5L7Y,A
5L86,A
5L90,A
5L91,A
5L92,A
5L94,A
5L9A,A
5L9B,A
5L9R,A
5L9V,A
5LA9,A
5LAS,A
5LAT,A
5LB6,A
5LBB,A
5LBC,A
5LBE,A
5LBF,A
5LBQ,A
5LBT,A
5LBU,A
5LC1,A
5LC5,A
5LC8,A
5LCX,A
5LDG,A
5LDH,A
5LDW,A
5LDX,A
5LE0,A
5LGE,A
5LGN,A
5LGT,A
5LGU,A
5LHG,A
5LHH,A
5LHI,A
5LI6,A
5LI7,A
5LI8,A
5LIE,A
5LIK,A
5LIU,A
5LIV,A
5LIW,A
5LIX,A
5LIY,A
5LL1,A
5LNK,A
5LOQ,A
5LPN,A
5LSM,A
5LUF,A
5LW9,A
5LWB,A
5LXE,A
5LYB,A
5M0Z,A
5M10,A
5M1J,A
5M2F,A
5M6D,A
5M98,A
5MBX,A
5MC6,A
5MDH,A
5MGB,A
5MHS,A
5MRL,A
5MTP,A
5MTQ,A
5MTR,A
5NSE,A
5PAH,A
5R1R,A
5SUN,A
5SVF,A
5SVN,A
5SVO,A
5SW4,A
5SW5,A
5SW6,A
5SWU,A
5SWV,A
5SX0,A
5SX1,A
5SX2,A
5SX3,A
5SX6,A
5SX7,A
5SXQ,A
5SXR,A
5SXS,A
5SXT,A
5SXW,A
5SXX,A
5SYH,A
5SYI,A
5SYJ,A
5SYK,A
5SYL,A
5SYU,A
5SYV,A
5SYW,A
5SYX,A
5SYY,A
5SZG,A
5T0L,A
5T0V,A
5T2K,A
5T5I,A
5T5M,A
5T5Q,A
5T61,A
5T6Q,A
5T73,A
5T8Y,A
5TBO,A
5TC4,A
5TD3,A
5TE8,A
5TF4,A
5TFT,A
5TFU,A
5TGA,A
5TGM,A
5TI9,A
5TIA,A
5TIS,A
5TJH,A
5TPG,A
5TQH,A
5TQV,A
5TR3,A
5TRT,A
5TTI,A
5TVR,A
5TVS,A
5TWT,A
5TX7,A
5TZS,A
5U1P,A
5U25,A
5U26,A
5U27,A
5U55,A
5U57,A
5U58,A
5U5D,A
5U5U,A
5U5V,A
5U5W,A
5U5X,A
5U5Y,A
5U5Z,A
5U60,A
5U61,A
5U63,A
5U8U,A
5U8V,A
5U8W,A
5U9P,A
5UC8,A
5UC9,A
5UCA,A
5UG2,A
5UGS,A
5UGT,A
5UGU,A
5UJF,A
5UJK,A
5ULV,A
5UME,A
5UMH,A
5UNN,A
5UOG,A
5UPU,A
5UPV,A
5UQF,A
5UQG,A
5UQH,A
5URQ,A
5URR,A
5USX,A
5UTX,A
5UUV,A
5UWX,A
5WQ5,A
5WV3,A
6ADH,A
6ATJ,A
6CCP,A
6COX,A
6CP4,A
6CPP,A
6DFR,A
6GEP,A
6ICD,A
6LDH,A
6NSE,A
6PAH,A
6R1R,A
7ADH,A
7ATJ,A
7CAT,A
7CCP,A
7CPP,A
7DFR,A
7GEP,A
7ICD,A
7MDH,A
7NSE,A
7R1R,A
8ADH,A
8CAT,A
8CPP,A
8DFR,A
8GEP,A
8ICD,A
8LDH,A
8NSE,A
9ICD,A
9LDB,A
9LDT,A
9NSE,A
,A
